Player Name,Team,Age,Positions,FP,FP/GP,GP,TOI,PP TOI,G,A,P,SOG,PPG,PPP,BLK,HIT,plus_minus,GWG,FOW,FOL,FOpct,Extra,Extra
Nathan MacKinnon,COL,30,C,548.1,7.61,72,22.2,4.9,36.8,72.8,109.7,309.5,11.0,40.3,48.0,41.4,11.6,6.0,629.6,682.5,48%,,
Connor McDavid,EDM,28,C,541.8,7.53,72,23.6,4.0,34.0,85.8,119.8,247.4,11.2,44.9,27.7,61.5,11.6,5.5,437.0,452.2,49%,,
Nikita Kucherov,T.B,32,RW,516.8,7.08,73,21.1,4.1,34.8,76.9,111.7,248.7,8.7,42.3,29.9,31.7,8.8,5.9,1.1,0.9,0%,,
Auston Matthews,TOR,28,C,498.4,6.83,73,22.1,3.2,45.8,43.6,89.4,308.6,12.1,25.3,101.5,65.4,7.3,7.4,743.2,605.1,55%,,
Leon Draisaitl,EDM,30,"C,LW",495.4,6.88,72,22.7,4.0,48.3,57.9,106.2,240.7,21.5,41.9,29.1,37.3,11.1,7.8,714.7,565.0,56%,,
Kirill Kaprizov,MIN,28,LW,484.5,6.73,72,22.6,4.5,44.1,53.5,97.6,270.4,17.0,40.0,33.2,39.8,4.0,7.1,0.2,3.1,7%,,
David Pastrnak,BOS,29,RW,472.7,6.57,72,20.2,4.1,40.2,54.2,94.4,297.7,11.8,29.6,22.2,63.2,-1.7,5.7,3.4,6.5,35%,,
Jack Eichel,VGK,28,C,463.8,6.35,73,20.9,3.8,32.0,59.1,91.0,257.9,7.7,35.7,52.3,30.5,8.8,5.2,536.3,631.4,46%,,
Cale Makar,COL,26,D,455.2,6.32,72,25.5,4.7,22.6,60.1,82.7,217.6,9.3,38.6,119.4,54.2,9.5,3.7,0.0,0.0,0%,,
Jack Hughes,N.J,24,"C,LW",435.2,5.96,73,20.7,3.2,34.2,48.5,82.7,279.3,8.1,29.6,35.4,16.0,6.4,5.1,237.3,402.2,37%,,
Artemi Panarin,NYR,33,LW,418.9,5.82,72,20.7,3.7,35.2,53.4,88.6,230.5,8.6,30.6,14.7,22.3,3.3,5.3,0.3,3.8,8%,,
Zach Werenski,CBJ,28,D,412.0,5.57,74,26.6,3.1,16.6,51.0,67.5,253.2,3.7,20.6,124.3,33.8,2.6,2.3,0.0,0.0,0%,,
Quinn Hughes,VAN,26,D,408.6,5.68,72,26.2,4.3,14.6,65.7,80.2,191.6,4.6,35.3,73.6,27.0,3.4,2.3,0.0,0.1,16%,,
Mikko Rantanen,DAL,28,"LW,RW",408.1,5.59,73,21.3,4.2,33.6,50.4,84.0,210.3,11.4,30.7,40.2,49.5,5.8,5.6,139.3,130.5,52%,,
Kyle Connor,WPG,28,LW,407.0,5.58,73,20.6,3.4,35.3,45.0,80.4,244.3,7.3,25.6,36.4,24.7,4.6,5.8,1.2,5.3,19%,,
Mitch Marner,VGK,28,RW,404.9,5.55,73,20.7,3.8,26.1,64.7,90.8,161.4,8.0,32.5,38.7,49.5,8.0,4.3,6.4,19.5,25%,,
Jason Robertson,DAL,26,"LW,RW",403.0,5.52,73,19.6,3.7,32.8,47.7,80.4,231.8,10.5,26.7,38.3,59.9,7.8,5.5,1.8,9.2,16%,,
Matt Boldy,MIN,24,"LW,RW",399.3,5.55,72,21.9,4.3,29.3,43.6,73.0,255.8,9.8,27.4,50.3,46.0,3.3,4.7,53.3,63.0,46%,,
Macklin Celebrini,S.J,19,C,397.3,5.44,73,20.5,3.2,30.3,45.2,75.5,241.3,9.5,24.1,51.9,45.3,-8.6,2.9,573.2,605.1,49%,,
William Nylander,TOR,29,"C,RW",393.4,5.39,73,19.5,3.0,35.9,43.9,79.9,233.3,8.6,24.0,26.3,22.1,5.1,5.8,58.8,63.8,48%,,
Jake Guentzel,T.B,31,LW,391.5,5.36,73,20.9,3.8,35.6,41.2,76.9,223.8,10.9,24.9,48.1,34.8,8.7,6.0,104.1,152.9,41%,,
Martin Necas,COL,26,RW,390.0,5.42,72,20.5,4.5,30.2,49.3,79.5,209.9,12.5,34.0,24.8,64.4,6.9,4.9,61.2,90.3,40%,,
Matthew Tkachuk,FLA,27,"LW,RW",386.0,5.36,72,18.7,3.1,27.8,50.3,78.1,230.8,8.1,24.4,24.0,112.4,7.0,5.0,3.2,7.1,31%,,
Filip Forsberg,NSH,31,LW,385.6,5.36,72,19.0,3.5,31.5,39.4,70.8,256.1,9.1,24.2,41.6,127.4,-2.7,4.9,4.7,11.2,30%,,
Sam Reinhart,FLA,29,"C,RW",385.4,5.35,72,20.9,4.0,39.1,36.5,75.7,205.7,16.3,29.2,53.0,82.3,5.7,7.1,199.8,263.4,43%,,
Clayton Keller,UTA,27,"LW,RW",379.2,5.27,72,19.1,4.0,28.5,49.5,78.0,195.4,9.1,33.9,27.0,18.1,1.5,4.5,13.9,19.4,42%,,
Tage Thompson,BUF,27,"C,RW",377.2,5.17,73,19.0,3.3,38.0,33.0,71.0,254.1,10.1,21.3,31.5,75.1,1.7,5.2,307.0,400.2,43%,,
Dylan Larkin,DET,29,C,377.0,5.16,73,20.5,3.8,32.6,40.6,73.3,223.4,15.5,29.7,31.6,44.6,-0.4,4.3,779.9,647.7,55%,,
Sidney Crosby,PIT,38,C,376.6,5.16,73,19.6,2.9,31.6,47.3,78.9,203.5,9.3,20.4,35.3,67.4,-3.3,4.1,889.4,680.0,57%,,
Brayden Point,T.B,29,C,376.1,5.15,73,19.3,3.8,38.5,39.5,78.0,186.8,14.7,29.1,39.3,26.2,6.5,6.5,366.4,406.2,47%,,
Roman Josi,NSH,35,D,375.7,5.22,72,24.6,3.6,15.3,45.0,60.4,207.7,5.6,25.7,130.0,53.8,-2.7,2.4,0.0,0.0,0%,,
Evan Bouchard,EDM,26,D,370.1,5.14,72,24.4,3.9,13.1,49.8,62.9,203.6,4.6,28.1,103.0,45.4,9.0,2.1,0.0,0.0,0%,,
J.T. Miller,NYR,32,"C,RW",367.6,5.10,72,20.4,3.3,27.5,50.3,77.8,167.7,6.6,24.6,51.2,172.5,2.4,4.1,681.2,514.2,57%,,
Mark Scheifele,WPG,32,C,366.4,5.02,73,20.4,3.6,34.3,42.9,77.3,173.5,11.2,25.3,44.9,58.1,4.7,5.7,563.0,591.3,49%,,
Nazem Kadri,CGY,35,C,365.5,5.08,72,20.0,4.1,29.9,37.1,67.0,250.2,10.7,26.0,26.9,52.1,-3.6,4.1,585.1,650.5,47%,,
Mathew Barzal,NYI,28,"C,RW",365.5,4.94,74,21.0,3.7,22.0,48.9,70.9,205.5,5.0,22.1,55.8,53.3,2.1,3.2,114.4,165.2,0%,,
Sebastian Aho (F),CAR,28,C,364.2,4.92,74,20.2,3.7,30.6,44.6,75.3,199.7,7.1,24.2,28.6,60.5,7.8,5.4,603.5,514.7,54%,,
Dylan Guenther,UTA,22,RW,362.9,5.04,72,18.4,3.9,30.3,36.1,66.4,224.4,13.7,30.2,42.3,62.2,2.4,4.8,12.7,25.4,33%,,
Alex Ovechkin,WSH,40,"LW,RW",360.4,4.94,73,17.7,4.6,36.0,32.3,68.3,240.9,13.3,25.9,17.9,120.8,2.0,6.1,0.2,2.4,8%,,
Wyatt Johnston,DAL,22,"C,RW",359.0,4.92,73,20.2,3.3,33.2,36.5,69.6,207.2,9.4,22.6,47.8,46.0,5.7,5.5,395.7,399.0,50%,,
Brady Tkachuk,OTT,26,"C,LW",358.8,4.91,73,18.2,3.2,28.7,31.4,60.1,286.2,9.8,19.8,31.1,216.3,3.1,4.6,197.5,184.7,52%,,
Victor Hedman,T.B,34,D,358.4,4.91,73,24.3,3.5,11.5,51.1,62.6,164.2,3.5,26.4,123.9,54.6,7.8,2.0,0.0,0.0,0%,,
Nico Hischier,N.J,26,C,355.7,4.87,73,20.4,3.2,29.9,39.1,69.0,190.0,9.7,23.9,59.7,42.1,5.8,4.5,917.7,734.4,56%,,
Adrian Kempe,L.A,29,RW,355.3,4.93,72,19.3,2.8,31.0,38.6,69.6,221.1,6.4,19.0,34.0,100.1,3.5,5.5,13.9,25.4,35%,,
Nick Suzuki,MTL,26,C,354.3,4.92,72,20.6,3.5,26.4,47.7,74.1,159.7,7.1,25.4,53.3,55.1,1.9,3.4,608.3,578.7,51%,,
Rasmus Dahlin,BUF,25,D,354.2,4.85,73,24.4,3.4,15.3,45.0,60.3,194.6,5.2,23.0,106.1,101.9,1.6,2.1,0.0,0.0,0%,,
John Tavares,TOR,35,C,352.0,4.82,73,18.0,3.0,32.5,36.5,69.1,210.7,10.3,20.9,37.2,90.8,4.6,5.2,724.4,512.6,59%,,
Nikolaj Ehlers,CAR,29,"LW,RW",350.0,4.73,74,17.8,3.6,24.9,42.4,67.3,215.6,5.8,22.4,35.7,44.5,8.5,4.3,7.6,17.2,31%,,
Adam Fox,NYR,27,D,349.7,4.86,72,24.5,3.5,13.2,52.1,65.3,143.7,3.3,24.4,115.4,46.4,5.0,2.0,0.0,0.0,0%,,
Connor Bedard,CHI,20,"C,RW",349.3,4.79,73,21.5,3.3,24.8,43.6,68.4,202.2,9.0,26.5,33.2,49.3,-9.8,3.2,238.6,378.8,39%,,
Seth Jarvis,CAR,23,"C,LW,RW",348.5,4.71,74,19.8,3.5,32.5,34.6,67.0,206.5,8.5,19.0,50.1,90.8,8.6,5.7,69.7,110.3,39%,,
Mark Stone,VGK,33,RW,347.4,4.76,73,18.7,3.1,21.7,51.1,72.8,155.7,6.4,28.2,46.1,41.8,7.5,3.6,2.2,10.7,17%,,
Bryan Rust,PIT,33,RW,345.3,4.73,73,20.2,2.7,30.0,35.1,65.1,206.7,4.6,16.0,61.4,61.0,-4.3,3.9,5.7,8.2,41%,,
Alex Debrincat,DET,27,"LW,RW",345.1,4.73,73,18.1,3.7,28.8,34.8,63.6,222.5,11.1,26.6,32.7,39.8,-0.3,3.8,18.0,24.0,43%,,
Elias Pettersson (F),VAN,26,"C,LW",342.5,4.76,72,19.2,3.7,24.9,41.5,66.5,157.2,9.4,23.6,81.8,85.2,2.2,4.0,496.5,537.8,48%,,
Roope Hintz,DAL,28,C,341.6,4.68,73,18.6,3.1,28.5,39.8,68.3,182.7,7.6,22.9,44.8,52.1,7.2,4.7,453.0,380.5,54%,,
Jesper Bratt,N.J,27,"LW,RW",339.7,4.65,73,17.8,3.0,21.7,49.4,71.1,168.7,5.3,26.3,31.4,73.2,5.7,3.3,0.7,4.5,13%,,
Josh Morrissey,WPG,30,D,336.9,4.62,73,24.8,3.5,11.1,49.1,60.2,161.0,2.5,21.2,109.3,58.0,7.6,1.8,0.0,0.0,0%,,
Bo Horvat,NYI,30,C,334.0,4.51,74,20.8,3.5,30.6,30.7,61.3,229.9,7.6,15.5,39.2,76.2,-0.1,4.4,745.9,576.3,56%,,
Robert Thomas,STL,26,C,333.5,4.51,74,19.1,2.9,21.9,51.5,73.3,139.8,5.9,22.2,42.9,22.9,2.6,3.1,703.8,618.8,53%,,
Kirill Marchenko,CBJ,25,RW,332.4,4.49,74,18.9,3.0,29.6,33.7,63.3,209.5,6.2,17.9,39.7,55.7,3.1,4.2,14.1,28.4,33%,,
Lucas Raymond,DET,23,RW,329.5,4.51,73,18.6,3.5,25.2,43.4,68.6,160.3,7.7,28.6,29.8,45.4,-1.3,3.3,2.5,6.4,28%,,
Mika Zibanejad,NYR,32,"C,RW",329.5,4.58,72,20.3,3.3,23.1,39.1,62.2,194.8,9.5,23.0,44.8,50.9,0.5,3.5,521.4,505.9,51%,,
Joel Eriksson Ek,MIN,28,C,329.3,4.57,72,20.1,3.8,24.5,30.9,55.4,228.6,10.7,22.2,53.3,124.8,3.3,3.9,698.9,726.6,49%,,
Dylan Holloway,STL,24,"LW,RW",328.5,4.44,74,18.6,2.7,26.9,38.4,65.2,184.1,6.7,18.4,44.6,163.7,3.3,3.8,34.9,37.8,48%,,
Tim Stützle,OTT,23,"C,LW",328.0,4.49,73,19.7,3.5,21.3,45.9,67.2,163.5,3.9,24.3,40.8,100.0,1.7,3.4,197.3,219.3,47%,,
Logan Cooley,UTA,21,C,323.4,4.49,72,19.0,3.8,27.8,37.7,65.5,168.1,10.3,27.0,31.6,60.6,2.1,4.4,332.7,459.5,42%,,
Travis Konecny,PHI,28,"LW,RW",322.4,4.36,74,19.8,2.7,25.8,39.9,65.7,186.0,5.1,12.6,39.7,82.5,-4.3,3.5,34.9,52.1,40%,,
Brandon Hagel,T.B,27,"LW,RW",321.5,4.40,73,19.7,1.8,25.5,40.9,66.4,181.4,1.4,6.6,49.9,54.4,8.5,4.3,11.9,21.9,35%,,
Alex Tuch,BUF,29,RW,320.8,4.39,73,19.3,2.3,27.7,30.4,58.2,182.8,2.9,9.8,90.0,62.6,1.8,3.8,55.8,77.3,42%,,
Mackenzie Weegar,CGY,31,D,320.1,4.45,72,24.4,3.5,10.8,35.3,46.2,166.8,3.8,20.8,154.8,167.6,-2.6,1.5,0.0,0.5,0%,,
Mikhail Sergachev,UTA,27,D,318.8,4.43,72,24.7,3.7,11.1,42.6,53.7,127.3,3.5,27.3,133.3,64.0,1.1,1.8,0.0,0.0,0%,,
Patrick Kane,DET,36,RW,318.7,4.37,73,17.8,3.4,23.5,38.6,62.1,184.9,9.7,28.3,23.2,26.7,-1.5,3.1,2.5,6.3,29%,,
Gabriel Vilardi,WPG,26,"C,RW",317.7,4.35,73,18.5,3.5,29.0,34.4,63.5,157.7,12.6,26.6,43.8,31.1,5.1,4.8,68.8,73.1,48%,,
Moritz Seider,DET,24,D,316.9,4.34,73,25.5,3.7,8.2,37.8,46.0,152.3,3.6,23.7,158.0,163.9,-0.7,1.1,0.0,0.0,0%,,
Cole Caufield,MTL,24,"LW,RW",316.6,4.40,72,18.3,3.0,30.2,29.2,59.4,218.6,8.1,16.1,26.1,58.3,1.9,3.9,4.8,8.7,47%,,
Shea Theodore,VGK,30,D,316.2,4.33,73,23.3,2.3,7.9,47.3,55.2,151.1,2.0,15.6,119.1,25.1,7.3,1.3,0.0,0.0,0%,,
Dylan Strome,WSH,28,C,316.0,4.33,73,16.7,3.3,23.3,42.7,66.0,136.7,6.9,27.8,43.9,23.6,2.7,3.9,583.2,521.5,53%,,
Timo Meier,N.J,29,"LW,RW",315.9,4.33,73,18.2,2.2,27.1,27.4,54.5,222.1,8.2,15.3,51.9,116.7,5.1,4.1,18.5,29.9,38%,,
Jordan Kyrou,STL,27,RW,315.2,4.26,74,17.0,2.6,29.5,29.8,59.3,205.4,7.5,18.4,32.4,35.5,2.4,4.2,2.0,5.5,27%,,
Tomas Hertl,VGK,31,"C,LW",314.3,4.31,73,17.3,3.5,28.2,31.3,59.5,173.8,13.5,25.5,46.7,86.7,6.1,4.6,598.9,461.1,57%,,
Kevin Fiala,L.A,29,LW,314.1,4.36,72,18.2,2.9,28.0,30.7,58.8,207.2,10.2,23.1,22.2,56.3,2.9,4.9,11.0,20.6,0%,,
Matthew Schaefer,NYI,18,D,314.0,4.24,74,23.2,3.2,11.9,37.7,49.6,171.9,5.7,23.2,112.1,71.3,-0.8,1.7,0.0,0.0,0%,,
Zach Hyman,EDM,33,"LW,RW",313.8,4.36,72,19.0,3.2,34.0,23.7,57.7,221.2,9.5,16.6,27.1,63.2,11.1,5.5,3.4,4.4,43%,,
Sean Monahan,CBJ,31,C,313.3,4.23,74,19.2,2.8,23.1,39.5,62.6,175.5,7.0,16.9,41.4,44.5,2.5,3.2,793.6,679.9,54%,,
Tom Wilson,WSH,31,RW,311.4,4.27,73,19.5,3.3,29.1,29.5,58.6,172.1,11.4,19.2,60.8,202.9,2.8,4.9,9.0,20.9,30%,,
Dougie Hamilton,N.J,32,D,310.5,4.25,73,21.2,2.5,13.0,33.4,46.4,200.1,6.9,17.7,107.2,83.3,4.4,1.9,0.0,0.0,0%,,
Jake Sanderson,OTT,23,D,307.6,4.21,73,24.3,3.4,9.1,36.3,45.3,161.5,4.1,20.5,140.7,49.6,0.3,1.5,0.1,0.1,34%,,
Rickard Rakell,PIT,32,"C,LW,RW",306.7,4.20,73,18.9,2.4,26.2,30.9,57.1,181.4,5.6,12.4,64.5,99.8,-4.1,3.4,12.7,22.3,36%,,
Matthew Knies,TOR,23,LW,306.2,4.19,73,20.3,3.1,26.8,35.0,61.8,165.5,6.2,17.0,42.2,170.1,4.5,4.3,0.0,0.9,0%,,
Pavel Dorofeyev,VGK,25,RW,305.5,4.18,73,16.8,3.1,33.3,19.5,52.8,217.8,14.3,21.1,34.0,32.1,7.6,5.5,2.7,8.8,24%,,
Ryan Nugent-Hopkins,EDM,32,"C,LW",305.2,4.24,72,19.1,3.6,21.5,38.1,59.6,159.7,8.0,28.3,36.3,38.0,7.2,3.5,240.8,267.6,47%,,
Brad Marchand,FLA,37,LW,304.3,4.23,72,18.2,3.4,24.5,33.3,57.8,192.0,6.2,20.2,29.3,81.3,2.8,4.4,9.0,14.7,38%,,
Jonathan Marchessault,NSH,34,RW,303.6,4.22,72,18.1,3.4,26.3,30.4,56.7,206.1,6.4,19.1,23.0,82.9,-4.5,4.1,14.5,35.9,29%,,
Nick Schmaltz,UTA,29,"C,RW",302.4,4.20,72,18.4,3.4,21.7,37.7,59.4,163.6,9.4,22.7,39.2,19.6,2.0,3.5,139.6,175.4,0%,,
Miro Heiskanen,DAL,26,D,298.9,4.10,73,24.8,3.1,9.1,38.2,47.3,163.0,1.7,16.9,117.1,44.5,6.7,1.5,0.0,0.0,0%,,
Lane Hutson,MTL,21,D,298.6,4.15,72,22.7,3.2,6.5,52.2,58.7,91.6,1.3,24.2,105.3,43.5,1.5,0.8,0.0,0.0,0%,,
Steven Stamkos,NSH,35,"C,LW,RW",298.0,4.14,72,17.8,3.6,26.4,28.4,54.8,179.0,12.8,24.3,39.8,57.6,-5.2,4.1,334.9,301.9,53%,,
Carter Verhaeghe,FLA,30,LW,297.2,4.13,72,18.0,2.6,24.2,29.7,53.9,217.4,5.7,14.2,25.4,71.8,5.4,4.4,20.9,29.3,42%,,
Evgeni Malkin,PIT,39,"C,LW",297.0,4.07,73,17.5,2.9,20.1,39.9,60.0,155.1,5.6,19.1,41.1,37.5,-4.6,2.6,314.6,353.9,47%,,
John Carlson,WSH,35,D,294.8,4.04,73,23.3,3.4,7.7,37.9,45.6,155.2,2.9,17.4,126.2,56.9,3.1,1.3,0.0,0.0,0%,,
Brock Boeser,VAN,28,RW,294.5,4.09,72,19.2,3.7,28.7,29.4,58.1,166.9,10.5,20.8,32.1,65.2,0.4,4.6,23.0,35.3,39%,,
Vince Dunn,SEA,28,D,293.4,4.02,73,23.1,2.7,12.9,38.1,51.0,160.3,2.6,14.9,90.6,44.4,-3.2,1.7,0.0,0.0,0%,,
Jared McCann,SEA,29,"C,LW",293.4,4.02,73,17.2,2.5,24.4,31.1,55.4,185.1,4.9,14.5,40.0,49.7,-2.9,3.1,92.2,113.7,45%,,
Drake Batherson,OTT,27,"LW,RW",292.9,4.01,73,17.2,3.1,22.4,34.9,57.3,166.8,9.4,23.9,27.3,106.3,-0.1,3.6,13.6,18.3,43%,,
Tyler Toffoli,S.J,33,"LW,RW",292.2,4.00,73,17.3,3.0,28.4,23.8,52.2,213.0,7.3,15.3,27.7,60.3,-7.5,2.7,14.5,15.7,48%,,
Jakob Chychrun,WSH,27,D,291.8,4.00,73,22.2,2.7,16.0,28.6,44.6,184.3,5.9,15.3,101.4,65.0,2.6,2.7,0.0,0.0,0%,,
Cutter Gauthier,ANA,21,LW,291.6,3.94,74,17.4,1.9,24.0,25.9,49.9,220.5,2.5,6.8,49.5,78.7,-1.6,2.7,24.4,43.4,36%,,
Thomas Harley,DAL,24,D,291.6,3.99,73,23.3,2.1,13.3,34.2,47.5,147.3,1.1,13.2,124.2,46.6,8.3,2.2,0.0,0.0,0%,,
Ryan O'Reilly,NSH,34,C,290.3,4.03,72,19.6,3.2,23.0,32.6,55.6,148.9,9.5,19.5,59.3,27.2,-3.1,3.6,701.5,572.2,55%,,
Brock Nelson,COL,34,C,289.5,4.02,72,18.6,3.6,25.6,28.4,54.0,183.5,6.0,15.1,41.0,36.9,7.5,4.2,489.3,515.3,49%,,
William Eklund,S.J,23,LW,287.9,3.94,73,19.5,3.1,19.5,36.5,56.0,154.6,7.9,18.4,48.2,49.7,-8.3,1.9,21.1,52.0,29%,,
Sam Bennett,FLA,29,C,287.5,3.99,72,17.7,3.1,23.2,25.8,48.9,212.1,8.1,15.0,39.3,136.7,3.5,4.2,444.8,514.5,46%,,
Morgan Rielly,TOR,31,D,286.2,3.92,73,22.0,2.8,7.4,40.6,48.0,138.5,1.3,18.0,109.8,45.2,3.1,1.2,0.0,0.0,0%,,
Dylan Cozens,OTT,24,C,285.1,3.91,73,17.7,3.3,20.6,31.3,51.9,186.9,7.1,18.0,35.7,154.1,-1.1,3.3,510.0,532.0,49%,,
Conor Garland,VAN,29,RW,284.6,3.95,72,20.0,3.2,19.8,31.9,51.7,176.3,5.3,16.9,49.1,51.5,2.4,3.2,5.2,17.1,23%,,
Owen Tippett,PHI,26,"LW,RW",284.6,3.85,74,17.0,2.5,24.2,22.9,47.1,214.5,3.6,9.3,53.3,117.7,-3.4,3.2,9.6,13.2,42%,,
Morgan Geekie,BOS,27,C,282.6,3.93,72,18.4,3.5,28.7,28.5,57.2,155.9,6.6,17.2,32.0,109.8,-2.5,4.1,215.7,238.7,47%,,
Jonathan Huberdeau,CGY,32,"C,LW",281.6,3.91,72,19.6,3.3,21.4,34.0,55.4,140.8,7.9,20.6,49.1,50.8,-3.7,2.9,12.3,18.9,39%,,
Kyle Palmieri,NYI,34,RW,280.6,3.79,74,19.2,3.2,25.2,25.7,50.9,181.5,7.3,15.6,43.0,61.8,-2.1,3.6,12.0,18.5,39%,,
Erik Karlsson,PIT,35,D,280.3,3.84,73,22.2,2.7,9.8,38.4,48.2,156.5,2.0,14.4,85.9,36.7,-4.2,1.3,0.0,0.1,0%,,
Vincent Trocheck,NYR,32,C,279.7,3.88,72,19.5,1.9,20.3,31.8,52.0,164.2,4.0,9.0,65.0,154.0,1.7,3.0,714.0,504.6,59%,,
Frank Nazar,CHI,21,C,279.4,3.83,73,19.2,2.9,23.6,29.9,53.5,153.5,5.6,15.4,53.6,55.8,-7.0,3.1,324.2,408.6,44%,,
Mikael Granlund,ANA,33,"C,LW,RW",279.1,3.77,74,17.8,3.0,16.5,39.2,55.7,140.6,3.8,18.6,46.0,49.9,-4.1,1.8,330.7,357.3,48%,,
Seth Jones,FLA,31,D,278.9,3.87,72,23.6,3.8,10.0,31.7,41.7,154.0,4.9,21.3,111.1,93.5,1.8,1.8,0.0,0.0,0%,,
Pavel Buchnevich,STL,30,"C,LW,RW",277.3,3.75,74,17.9,2.8,22.1,35.2,57.3,150.4,6.3,16.8,26.8,45.3,2.3,3.1,37.7,57.1,40%,,
Mason McTavish,ANA,22,C,277.0,3.74,74,18.0,2.1,22.0,31.9,53.9,172.5,4.1,9.3,39.4,79.0,-4.7,2.4,497.8,507.0,50%,,
Valeri Nichushkin,COL,30,"LW,RW",276.5,3.84,72,18.1,2.5,27.5,24.4,51.9,181.4,8.9,13.3,33.5,80.3,7.2,4.5,3.1,5.0,38%,,
Chris Kreider,ANA,34,LW,275.6,3.72,74,18.1,3.0,29.3,20.8,50.1,190.4,10.3,16.0,27.8,90.5,-3.0,3.2,28.5,46.4,38%,,
Matvei Michkov,PHI,20,RW,274.8,3.71,74,16.4,2.7,22.2,31.8,54.0,174.1,6.7,14.4,22.4,36.8,-3.3,3.0,13.8,18.9,42%,,
Anze Kopitar,L.A,38,C,273.9,3.80,72,18.2,2.9,19.5,38.2,57.6,106.1,5.2,19.9,56.1,38.1,2.9,3.4,732.5,572.7,56%,,
Troy Terry,ANA,28,RW,273.4,3.69,74,17.7,3.2,20.1,33.0,53.1,172.0,5.0,14.8,26.6,16.4,-3.4,2.2,10.7,11.3,49%,,
Artturi Lehkonen,COL,30,"LW,RW",273.1,3.79,72,19.6,3.0,26.2,27.3,53.6,159.6,5.0,12.4,40.4,47.7,9.9,4.3,6.5,13.9,32%,,
Noah Dobson,MTL,25,D,273.1,3.79,72,22.4,1.5,8.5,31.4,39.9,152.2,0.8,7.7,138.9,63.7,1.7,1.1,0.0,0.0,0%,,
Will Smith,S.J,20,"C,RW",272.9,3.74,73,18.1,3.2,20.9,35.1,56.0,153.1,4.1,16.6,23.7,28.5,-8.1,2.0,59.1,114.8,34%,,
Elias Lindholm,BOS,30,C,272.1,3.78,72,18.8,3.4,17.9,30.5,48.4,154.6,6.3,17.4,64.6,96.3,-4.6,2.6,714.2,563.0,56%,,
Jackson Lacombe,ANA,24,D,271.5,3.67,74,24.5,3.3,10.0,30.4,40.3,137.8,2.4,13.1,137.1,75.8,-4.1,1.1,0.0,0.7,0%,,
Brandon Montour,SEA,31,D,270.5,3.71,73,22.8,2.0,12.1,26.7,38.8,193.9,2.0,9.8,94.8,83.1,-5.0,1.6,0.0,0.0,0%,,
Teuvo Teravainen,CHI,31,"LW,RW",270.5,3.71,73,18.3,2.9,18.7,37.8,56.5,126.0,7.8,22.6,30.5,30.1,-5.6,2.5,56.7,70.8,44%,,
Charlie McAvoy,BOS,27,D,270.2,3.75,72,24.1,3.4,9.4,32.7,42.1,132.1,2.1,13.1,129.2,119.4,-3.8,1.3,0.0,0.0,0%,,
Leo Carlsson,ANA,20,C,269.8,3.65,74,19.2,3.3,22.5,30.9,53.3,150.2,5.1,14.3,40.7,32.7,-3.6,2.5,333.4,517.1,39%,,
Pierre-Luc Dubois,WSH,27,"C,LW",269.4,3.69,73,18.0,2.5,18.8,34.0,52.8,146.6,5.4,12.6,49.8,69.6,4.6,3.2,508.4,520.9,49%,,
Cole Perfetti,WPG,23,"C,LW,RW",269.2,3.69,73,16.8,2.8,20.5,31.2,51.7,153.7,6.7,18.3,38.3,60.2,5.4,3.4,24.2,49.3,33%,,
Beckett Sennecke,ANA,19,RW,268.0,3.62,74,17.3,1.7,25.0,29.3,54.3,156.1,4.4,8.2,37.9,78.3,-5.0,2.8,0.0,0.0,0%,,
Jake Debrusk,VAN,29,"LW,RW",267.2,3.71,72,17.1,3.6,24.7,21.6,46.3,175.6,12.2,21.0,39.1,83.2,1.1,3.9,8.0,15.8,34%,,
Aliaksei Protas,WSH,24,RW,267.0,3.66,73,17.8,1.3,22.5,33.3,55.8,148.2,1.6,5.6,39.8,32.2,4.2,3.8,15.9,38.0,29%,,
Anthony Cirelli,T.B,28,C,265.3,3.63,73,19.2,1.7,23.7,26.9,50.7,145.3,4.7,8.1,65.1,40.6,8.0,4.0,588.9,584.8,50%,,
Andrei Svechnikov,CAR,25,"LW,RW",265.0,3.58,74,16.1,3.1,20.0,29.5,49.5,173.0,8.0,18.8,22.3,130.9,5.8,3.5,2.4,3.6,40%,,
Thomas Chabot,OTT,28,D,264.6,3.62,73,22.6,2.1,9.5,29.0,38.4,150.2,2.0,10.0,128.5,60.6,1.6,1.5,0.0,0.0,0%,,
Quinton Byfield,L.A,23,"C,LW",263.3,3.66,72,19.8,2.6,20.6,32.1,52.7,158.2,4.9,11.1,30.2,74.5,4.4,3.6,341.0,418.3,45%,,
Boone Jenner,CBJ,32,"C,LW",262.4,3.55,74,17.3,2.0,21.3,23.6,44.9,174.1,5.3,9.4,62.5,120.4,-0.4,3.0,473.8,403.8,54%,,
Matt Duchene,DAL,34,"C,RW",262.2,3.59,73,15.7,1.9,21.8,34.8,56.6,129.0,5.0,14.4,27.4,31.0,6.2,3.6,321.9,275.3,54%,,
Dmitry Orlov,S.J,34,D,260.4,3.57,73,23.3,2.3,7.3,37.3,44.6,139.3,1.1,17.1,79.8,105.7,-6.3,0.7,0.0,0.0,0%,,
Tyler Seguin,DAL,33,"C,RW",260.3,3.57,73,16.1,1.9,24.2,29.3,53.5,156.9,4.6,8.2,26.5,53.6,6.8,4.0,374.5,305.7,55%,,
Shayne Gostisbehere,CAR,32,D,256.4,3.46,74,17.5,3.2,8.0,37.1,45.2,118.6,3.3,24.2,74.8,47.8,7.6,1.4,0.0,0.0,0%,,
Matt Coronato,CGY,22,RW,256.0,3.56,72,17.5,3.7,21.2,24.2,45.4,169.8,7.1,19.5,30.6,33.5,-4.2,2.9,50.0,81.9,38%,,
Jonathan Drouin,NYI,30,"LW,RW",256.0,3.46,74,17.8,3.5,17.4,38.5,55.9,111.6,5.0,18.9,27.3,36.1,-0.7,2.5,49.0,56.0,47%,,
Matty Beniers,SEA,22,C,255.8,3.50,73,20.1,2.7,19.3,26.9,46.3,146.7,5.2,11.3,64.7,47.9,-3.8,2.5,531.1,606.1,0%,,
Anton Lundell,FLA,24,C,255.7,3.55,72,18.3,2.4,17.2,28.5,45.7,165.9,4.2,11.9,47.8,85.4,4.5,3.1,525.4,468.9,53%,,
Aaron Ekblad,FLA,29,D,255.3,3.55,72,23.6,3.1,7.5,31.1,38.7,150.2,3.2,15.3,97.8,104.2,4.4,1.4,0.0,0.0,0%,,
Jordan Eberle,SEA,35,RW,254.5,3.49,73,17.9,2.5,19.1,30.4,49.6,152.8,3.6,11.0,36.7,43.6,-3.1,2.5,23.2,29.5,44%,,
Travis Sanheim,PHI,29,D,253.9,3.43,74,25.8,1.2,8.6,26.6,35.2,132.9,0.2,4.0,155.6,78.9,-4.6,1.2,0.0,0.0,0%,,
Rasmus Andersson,CGY,29,D,252.9,3.51,72,23.7,2.2,8.9,22.5,31.5,141.4,1.8,9.2,157.3,46.5,-5.0,1.2,0.0,0.0,0%,,
Juraj Slafkovsky,MTL,21,"LW,RW",252.5,3.51,72,18.0,3.1,19.0,28.2,47.2,136.3,6.2,13.0,59.3,152.5,1.1,2.4,7.8,13.6,36%,,
Alexis Lafrenière,NYR,24,"LW,RW",252.0,3.50,72,18.3,3.3,20.0,27.6,47.5,170.2,4.7,11.0,26.5,92.1,1.1,3.0,13.0,31.7,29%,,
Jj Peterka,UTA,23,"LW,RW",251.3,3.49,72,16.6,2.0,22.4,29.3,51.8,155.7,3.5,9.2,17.9,29.0,2.4,3.6,3.2,10.7,23%,,
Kent Johnson,CBJ,23,"C,LW,RW",250.9,3.39,74,16.2,2.9,21.2,29.9,51.0,135.1,4.5,14.7,31.1,16.2,-0.1,3.0,3.7,23.0,14%,,
Cam Fowler,STL,33,D,249.8,3.38,74,22.8,2.8,8.1,34.5,42.6,112.7,3.5,17.0,97.2,32.6,0.3,1.2,0.0,0.0,0%,,
Zeev Buium,MIN,19,D,249.1,3.46,72,19.4,3.6,9.1,34.4,43.5,105.7,5.0,26.4,78.4,70.2,0.0,1.5,0.0,0.0,0%,,
Noah Hanifin,VGK,28,D,248.9,3.41,73,23.0,1.4,9.6,28.7,38.3,146.2,2.1,8.0,105.7,51.9,7.2,1.6,0.0,0.0,0%,,
Adam Fantilli,CBJ,21,C,248.5,3.36,74,16.7,1.7,24.2,21.9,46.1,166.2,2.1,4.8,44.4,91.6,-2.5,3.4,342.0,467.8,42%,,
John Klingberg,S.J,33,D,247.8,3.39,73,20.9,3.2,9.3,29.8,39.1,128.8,3.9,17.4,97.3,68.1,-9.2,0.9,0.0,0.0,0%,,
Shane Pinto,OTT,24,C,247.1,3.38,73,18.2,2.0,23.9,20.4,44.3,160.0,3.4,6.5,55.4,69.4,1.6,3.8,471.5,451.4,51%,,
Josh Norris,BUF,26,C,246.0,3.37,73,18.0,2.6,24.1,20.7,44.8,141.7,6.5,13.4,54.9,144.0,-1.3,3.3,507.6,450.2,53%,,
Anders Lee,NYI,35,LW,245.9,3.32,74,15.6,1.8,21.4,21.6,43.0,181.7,3.3,6.3,39.5,107.3,1.3,3.1,15.4,17.7,47%,,
Dmitri Voronkov,CBJ,25,LW,245.3,3.31,74,16.0,2.2,22.4,23.3,45.6,153.2,7.1,10.4,42.7,81.3,1.6,3.1,84.5,121.7,41%,,
Ryan Donato,CHI,29,"LW,RW",243.8,3.34,73,16.1,1.7,23.3,24.1,47.3,165.7,3.4,8.7,20.6,93.6,-5.8,3.1,170.0,210.5,45%,,
Jason Zucker,BUF,33,LW,243.8,3.34,73,14.6,2.9,20.4,26.2,46.7,145.9,9.5,20.4,20.6,78.7,0.2,2.8,31.0,53.1,37%,,
Jimmy Snuggerud,STL,21,RW,243.8,3.29,74,15.2,2.1,19.1,26.2,45.3,145.5,6.2,13.8,42.4,57.7,1.2,2.7,3.3,2.9,0%,,
Vladimir Tarasenko,MIN,33,"LW,RW",243.6,3.38,72,15.8,3.8,15.1,30.0,45.1,147.0,4.1,19.6,30.6,60.5,1.0,2.4,0.5,2.1,20%,,
Sean Couturier,PHI,32,C,243.2,3.29,74,18.3,1.8,15.0,30.1,45.1,159.1,2.0,5.3,46.1,57.1,-2.9,2.0,677.7,556.6,55%,,
Mats Zuccarello,MIN,38,RW,241.4,3.35,72,16.8,1.7,15.5,30.8,46.3,137.4,2.4,11.1,45.3,35.9,1.2,2.5,15.8,24.6,0%,,
Evander Kane,VAN,34,LW,241.3,3.35,72,16.5,1.7,18.8,22.3,41.1,189.5,2.2,6.3,34.1,166.4,-0.2,3.0,29.1,38.6,43%,,
Trevor Zegras,PHI,24,C,241.3,3.26,74,17.1,2.7,17.6,30.2,47.8,140.4,3.8,11.4,32.7,59.1,-4.3,2.4,116.3,185.2,39%,,
Brady Skjei,NSH,31,D,240.9,3.35,72,22.9,1.9,10.5,26.3,36.7,146.0,2.3,12.1,91.3,59.1,-6.3,1.6,0.0,0.0,0%,,
Justin Faulk,STL,33,D,239.8,3.24,74,22.0,1.9,5.3,31.0,36.3,128.9,1.8,9.8,113.0,80.8,-0.4,0.8,0.0,0.0,0%,,
Jake Walman,EDM,29,D,239.8,3.33,72,20.5,0.8,9.6,21.0,30.6,144.6,0.5,3.1,145.3,63.3,6.5,1.5,0.0,0.0,0%,,
Neal Pionk,WPG,30,D,238.2,3.26,73,22.8,1.8,7.5,26.4,33.9,134.4,2.3,9.3,119.9,130.8,3.9,1.2,0.0,0.0,0%,,
Devon Toews,COL,31,D,238.0,3.31,72,23.8,1.0,8.8,30.8,39.6,131.9,0.4,2.6,101.3,48.3,9.0,1.4,0.0,0.0,0%,,
Tyler Bertuzzi,CHI,30,"LW,RW",237.5,3.25,73,16.5,2.8,21.0,24.8,45.8,137.8,8.7,17.3,27.7,65.9,-6.9,2.8,20.2,31.1,39%,,
Pavel Zacha,BOS,28,"C,LW",237.4,3.30,72,18.3,3.3,16.4,32.8,49.2,124.9,4.2,14.0,26.6,65.3,-3.3,2.3,346.2,307.2,53%,,
Mason Marchment,SEA,30,LW,237.2,3.25,73,15.4,1.6,20.2,26.8,47.0,145.7,4.1,8.9,29.0,89.7,-4.0,2.6,13.8,17.3,44%,,
Logan Stankoven,CAR,22,"C,RW",237.0,3.20,74,16.0,1.9,16.2,24.2,40.4,183.5,2.6,7.3,33.5,50.4,6.7,2.8,147.2,156.6,48%,,
Jaden Schwartz,SEA,33,"C,LW",237.0,3.25,73,17.2,1.9,21.1,22.0,43.1,159.1,4.6,8.1,40.0,56.3,-5.4,2.7,47.0,43.1,52%,,
William Karlsson,VGK,32,C,236.0,3.23,73,16.3,1.1,18.7,24.0,42.8,152.6,1.9,5.8,51.1,35.5,7.2,3.1,525.8,401.8,57%,,
Darnell Nurse,EDM,30,D,235.0,3.26,72,21.0,0.3,6.9,22.8,29.7,158.8,0.1,1.0,131.1,128.9,6.8,1.1,0.0,0.0,0%,,
Marco Rossi,MIN,24,C,234.2,3.25,72,18.3,2.0,19.7,27.1,46.8,128.4,3.7,10.7,37.9,50.5,3.0,3.2,395.2,460.7,46%,,
Colton Parayko,STL,32,D,234.2,3.17,74,22.6,0.1,10.1,19.6,29.7,133.0,0.0,0.4,156.4,90.4,1.5,1.4,0.0,0.0,0%,,
Chandler Stephenson,SEA,31,C,234.0,3.21,73,19.5,2.5,15.3,34.4,49.7,92.6,2.8,14.2,48.8,38.3,-7.3,2.0,686.1,614.1,53%,,
Blake Coleman,CGY,33,"C,LW,RW",233.3,3.24,72,17.5,1.1,19.1,20.2,39.3,168.7,2.3,3.2,55.8,131.6,-3.0,2.6,31.2,35.4,47%,,
Sam Rinzel,CHI,21,D,233.2,3.19,73,21.3,2.9,6.1,29.6,35.8,125.8,1.5,14.8,96.4,85.3,-6.2,0.8,0.0,0.0,0%,,
Ryan Hartman,MIN,31,"C,RW",233.1,3.24,72,15.8,1.8,16.7,20.6,37.3,175.3,4.3,8.7,49.7,71.7,1.6,2.7,337.1,385.7,47%,,
Filip Chytil,VAN,26,C,232.0,3.22,72,16.1,1.9,19.3,21.3,40.6,178.8,2.2,7.6,26.1,36.7,1.6,3.1,343.6,426.9,45%,,
Filip Hronek,VAN,27,D,231.4,3.21,72,24.2,1.4,5.9,33.8,39.7,110.1,1.0,8.0,98.2,101.3,2.9,0.9,0.3,0.4,40%,,
Kris Letang,PIT,38,D,230.7,3.16,73,22.1,1.5,8.2,25.4,33.6,138.5,2.2,8.4,104.8,107.0,-5.1,1.1,0.0,0.0,0%,,
Oliver Bjorkstrand,T.B,30,RW,230.4,3.16,73,14.5,2.8,17.7,25.9,43.6,140.2,7.0,17.5,23.7,61.2,6.2,3.0,6.5,13.5,0%,,
Luke Hughes,N.J,22,D,227.0,3.11,73,21.0,1.9,6.8,32.4,39.2,121.4,1.3,13.9,69.4,36.7,3.3,1.0,0.0,0.6,0%,,
Mattias Ekholm,EDM,35,D,226.9,3.15,72,21.0,0.5,7.7,25.1,32.8,142.8,0.9,2.8,109.0,71.3,8.8,1.2,0.0,0.0,0%,,
Jackson Blake,CAR,22,RW,226.0,3.05,74,16.1,2.4,18.4,21.6,40.0,161.8,4.6,9.4,31.2,29.4,8.3,3.2,11.8,15.2,46%,,
Mike Matheson,MTL,31,D,225.4,3.13,72,23.3,0.3,7.1,22.0,29.1,123.7,0.2,1.8,148.7,60.1,-2.1,0.9,0.0,0.0,0%,,
Tony Deangelo,NYI,30,D,225.3,3.04,74,19.5,2.5,8.1,26.7,34.7,137.3,2.1,11.3,82.3,48.3,-3.5,1.2,0.0,0.0,0%,,
Frank Vatrano,ANA,31,"C,LW",224.7,3.04,74,14.6,1.3,17.5,17.4,34.9,175.2,3.2,5.7,53.4,133.3,-5.6,1.9,10.8,15.0,42%,,
Jiri Kulich,BUF,21,C,224.5,3.08,73,16.6,1.8,20.5,17.0,37.5,167.3,1.4,3.4,49.7,55.5,0.3,2.8,344.6,436.3,44%,,
Zachary Bolduc,MTL,22,RW,224.5,3.12,72,13.7,2.3,23.0,17.1,40.1,141.3,9.9,16.7,33.7,100.2,1.5,2.9,6.3,13.1,33%,,
Connor McMichael,WSH,24,LW,222.3,3.05,73,15.8,2.0,19.4,22.1,41.5,146.0,4.0,9.4,30.9,38.7,2.9,3.3,135.3,163.7,45%,,
Jamie Benn,DAL,36,"C,LW",221.6,3.04,73,14.3,1.6,16.0,27.5,43.5,124.0,2.9,9.9,38.4,98.7,5.6,2.7,300.1,212.3,59%,,
Jared Spurgeon,MIN,35,D,221.2,3.07,72,20.7,1.9,7.3,23.6,30.8,113.8,1.7,9.4,125.0,73.3,1.6,1.2,0.0,0.0,0%,,
Andrei Kuzmenko,L.A,29,"LW,RW",221.2,3.07,72,15.8,2.7,18.8,27.7,46.5,109.9,6.3,15.4,23.1,33.2,2.3,3.3,0.7,0.2,75%,,
Drew Doughty,L.A,35,D,220.3,3.06,72,23.6,1.3,8.8,25.9,34.7,106.2,1.3,7.2,111.5,71.2,2.7,1.5,0.0,0.0,0%,,
Claude Giroux,OTT,37,"LW,RW",220.1,3.01,73,16.2,2.2,14.3,29.1,43.5,123.0,2.6,13.3,29.7,52.1,0.2,2.3,471.9,315.2,60%,,
Brayden Schenn,STL,34,C,219.9,2.97,74,16.4,1.9,17.1,26.9,44.0,120.7,2.5,8.9,37.2,153.9,0.4,2.4,467.6,457.3,51%,,
K'andre Miller,CAR,25,D,219.3,2.96,74,22.7,1.5,8.4,24.2,32.6,116.3,1.2,5.3,116.0,108.1,4.5,1.5,0.0,1.0,0%,,
Morgan Frost,CGY,26,C,219.2,3.04,72,15.1,3.7,13.0,25.9,38.8,126.7,3.6,17.1,44.5,60.8,-3.3,1.8,427.9,431.1,48%,,
Owen Power,BUF,22,D,219.0,3.00,73,22.6,1.4,5.9,27.3,33.2,119.0,0.5,5.2,109.3,46.0,-0.5,0.8,0.0,0.0,0%,,
Gustav Forsling,FLA,29,D,218.8,3.04,72,22.7,0.3,8.9,22.6,31.5,155.0,0.2,1.1,91.6,78.8,6.2,1.6,0.0,0.0,0%,,
Will Cuylle,NYR,23,"LW,RW",218.3,3.03,72,17.0,1.2,18.4,20.2,38.5,150.6,2.9,4.8,45.5,261.7,1.5,2.8,9.3,21.9,30%,,
Brandt Clarke,L.A,22,D,216.8,3.01,72,17.6,1.6,5.4,24.9,30.2,123.3,0.8,7.2,114.5,44.7,3.1,0.9,0.0,0.0,0%,,
Tyson Foerster,PHI,23,"LW,RW",216.2,2.92,74,17.5,2.0,21.4,17.3,38.7,138.5,3.8,6.8,48.0,73.3,-2.3,2.9,0.6,2.3,19%,,
Zach Benson,BUF,20,LW,216.0,2.96,73,17.4,2.1,13.6,26.5,40.2,140.4,3.1,7.8,35.2,43.7,1.6,1.9,5.8,17.3,25%,,
Dawson Mercer,N.J,24,"C,RW",216.0,2.96,73,17.9,2.1,19.2,18.7,38.0,133.2,4.7,8.8,53.5,39.6,3.6,2.9,95.3,130.1,42%,,
Anthony Mantha,PIT,31,RW,215.7,2.95,73,15.0,1.4,20.7,22.0,42.7,125.8,2.5,6.2,36.8,64.0,-2.6,2.7,9.5,19.1,33%,,
Shane Wright,SEA,21,C,215.6,2.95,73,15.0,1.8,18.7,23.5,42.2,101.6,5.4,10.5,55.6,58.1,-3.6,2.4,355.1,454.1,44%,,
Sean Walker,CAR,30,D,215.5,2.91,74,22.1,1.4,7.4,17.4,24.8,159.1,0.4,3.0,117.5,111.9,5.8,1.3,0.0,0.0,0%,,
Alex Iafallo,WPG,31,"C,LW,RW",214.6,2.94,73,15.5,2.8,16.3,19.0,35.2,130.8,8.5,16.2,54.6,59.6,4.5,2.7,12.2,15.5,44%,,
Mackie Samoskevich,FLA,22,RW,214.5,2.98,72,14.2,2.5,16.0,20.3,36.2,147.1,6.6,17.3,29.9,124.6,2.6,2.9,0.0,1.1,0%,,
Jonathan Toews,WPG,37,C,213.9,2.93,73,16.1,2.1,18.3,23.0,41.3,110.8,6.3,13.2,42.7,41.2,2.5,3.0,702.1,398.9,64%,,
Jaccob Slavin,CAR,31,D,211.7,2.86,74,22.0,0.1,6.1,23.8,29.9,119.0,0.0,0.2,124.6,37.4,7.5,1.1,0.0,0.0,0%,,
Ivan Provorov,CBJ,28,D,210.9,2.85,74,23.7,1.2,6.3,23.9,30.2,104.3,0.5,3.9,128.5,45.4,-1.9,0.9,0.0,0.0,0%,,
Jeff Skinner,S.J,33,LW,210.5,2.88,73,13.9,1.9,19.1,18.1,37.2,161.8,3.3,7.7,20.8,46.1,-6.6,1.8,37.8,44.2,46%,,
Viktor Arvidsson,BOS,32,"LW,RW",209.8,2.91,72,14.6,1.8,16.1,18.7,34.9,163.6,2.8,8.4,29.9,45.2,-4.3,2.3,18.5,31.9,0%,,
Trevor Moore,L.A,30,"LW,RW",208.6,2.90,72,15.8,0.5,18.9,18.5,37.4,153.2,0.5,1.5,36.3,65.9,3.1,3.3,5.0,16.1,24%,,
Alexander Romanov,NYI,25,D,207.6,2.81,74,21.4,0.1,5.4,17.9,23.3,110.4,0.0,0.2,164.9,145.0,-2.4,0.8,0.0,0.0,0%,,
Jacob Trouba,ANA,31,D,207.6,2.81,74,20.2,0.1,3.7,16.8,20.6,116.3,0.1,0.3,174.8,151.5,-5.1,0.4,0.0,0.1,0%,,
Phillip Danault,L.A,32,C,207.5,2.88,72,17.3,1.3,10.6,28.1,38.7,117.6,1.6,4.4,56.3,71.5,3.7,1.9,559.2,506.5,52%,,
Marco Kasper,DET,21,"C,LW",207.4,2.84,73,16.3,1.6,18.1,18.1,36.2,140.6,2.6,5.8,45.7,145.2,-0.3,2.4,296.3,352.6,46%,,
Bowen Byram,BUF,24,D,206.7,2.83,73,22.3,1.5,8.8,25.6,34.4,92.4,0.6,4.9,105.0,72.4,0.0,1.2,0.0,0.0,0%,,
Bobby McMann,TOR,29,LW,206.5,2.83,73,15.2,1.0,20.0,15.5,35.5,163.6,2.0,4.0,28.6,150.8,4.1,3.2,7.7,12.4,38%,,
Sean Durzi,UTA,27,D,206.4,2.87,72,19.7,1.3,7.4,22.2,29.6,104.2,1.2,6.6,117.9,55.2,1.5,1.2,0.0,0.0,0%,,
Josh Doan,BUF,23,RW,206.2,2.82,73,14.4,2.2,16.2,20.6,36.9,145.2,6.9,11.5,23.0,73.1,2.1,2.2,47.2,57.2,45%,,
Barrett Hayton,UTA,25,C,205.9,2.86,72,16.3,1.8,15.6,21.6,37.2,133.8,4.0,8.9,37.1,35.7,2.5,2.5,478.4,426.0,53%,,
Ivan Barbashev,VGK,29,LW,205.8,2.82,73,15.5,0.8,18.8,25.7,44.5,107.4,1.3,2.4,32.2,113.5,8.0,3.1,18.5,31.4,37%,,
Kaapo Kakko,SEA,24,RW,205.4,2.81,73,16.4,1.8,16.4,24.2,40.6,124.1,3.4,7.3,28.1,59.8,0.2,2.1,35.5,40.0,0%,,
Ivan Demidov,MTL,19,RW,204.8,2.84,72,14.0,2.1,15.2,28.0,43.2,99.2,2.8,12.3,26.6,62.7,0.8,2.0,0.0,4.1,0%,,
Ryan McLeod,BUF,26,C,204.8,2.80,73,17.6,1.0,17.4,26.4,43.7,104.6,0.6,3.2,36.2,33.6,0.6,2.4,553.5,544.1,50%,,
Esa Lindell,DAL,31,D,204.3,2.80,73,22.7,0.4,5.6,20.1,25.7,100.2,0.6,1.4,151.6,63.0,6.5,0.9,0.0,0.0,0%,,
Jonas Brodin,MIN,32,D,204.2,2.84,72,21.9,0.1,6.8,20.7,27.5,105.8,0.0,0.1,137.0,39.4,2.1,1.1,0.0,0.0,0%,,
Patrik Laine,MTL,27,"LW,RW",203.7,2.83,72,13.6,1.9,18.2,17.9,36.1,131.0,8.4,12.4,35.1,46.5,-1.4,2.3,25.3,35.2,42%,,
Kiefer Sherwood,VAN,30,"C,LW",203.2,2.82,72,16.2,1.1,18.8,18.7,37.5,140.0,1.4,3.4,34.4,346.4,0.6,3.0,25.1,30.1,46%,,
Brent Burns,COL,40,D,203.0,2.82,72,19.4,1.1,6.5,21.4,27.9,143.3,0.9,5.2,85.0,30.1,7.2,1.1,0.0,0.1,17%,,
David Tomasek,EDM,29,RW,203.0,2.82,72,13.0,3.8,12.6,22.2,34.8,128.2,6.1,22.5,24.0,103.6,5.9,2.0,49.6,74.4,40%,,
Jake Neighbours,STL,23,"LW,RW",202.8,2.74,74,14.6,2.0,21.2,17.3,38.5,110.1,4.6,9.9,44.8,131.5,0.0,3.0,7.0,10.1,41%,,
Michael Bunting,NSH,30,LW,201.3,2.80,72,14.9,2.0,16.3,20.9,37.2,133.6,6.5,12.3,21.5,59.7,-3.9,2.5,6.3,12.0,34%,,
Joel Farabee,CGY,25,"LW,RW",200.4,2.78,72,16.6,2.6,12.9,19.7,32.6,142.5,1.8,8.2,46.0,78.2,-3.5,1.8,20.8,36.3,45%,,
Cam York,PHI,24,D,200.3,2.71,74,22.4,0.8,6.4,19.6,26.0,90.9,0.1,3.1,147.6,66.9,-4.4,0.9,0.0,0.0,0%,,
Andre Burakovsky,CHI,30,LW,199.6,2.73,73,16.4,1.6,13.3,24.6,37.9,126.8,2.7,8.5,27.6,39.5,-7.3,1.7,3.8,5.7,40%,,
Oliver Ekman-Larsson,TOR,34,D,198.6,2.72,73,20.4,1.7,6.0,25.2,31.2,114.4,1.3,7.4,80.5,96.6,3.4,1.0,0.0,0.0,0%,,
Evan Rodrigues,FLA,32,"C,LW,RW",197.9,2.75,72,15.7,1.8,13.9,19.9,33.8,150.8,3.6,8.4,25.3,95.6,4.5,2.5,121.9,135.2,47%,,
Bobby Brink,PHI,24,RW,197.5,2.67,74,15.6,2.0,14.5,25.5,40.0,112.3,2.3,5.9,30.5,83.3,-3.7,1.9,17.3,30.3,36%,,
Brock Faber,MIN,23,D,196.8,2.73,72,23.7,0.7,7.0,19.5,26.5,112.8,0.5,3.5,115.1,42.7,0.3,1.1,0.0,0.0,0%,,
Eeli Tolvanen,SEA,26,"LW,RW",196.3,2.69,73,14.8,1.2,17.6,15.7,33.3,124.1,1.3,4.5,59.4,189.0,-4.9,2.3,4.9,8.7,36%,,
Nino Niederreiter,WPG,33,LW,196.1,2.69,73,14.6,1.8,15.8,18.0,33.8,137.6,3.8,9.1,33.5,121.5,4.7,2.6,18.1,18.0,50%,,
Victor Olofsson,COL,30,"LW,RW",195.9,2.72,72,13.5,2.6,16.5,17.7,34.2,139.7,6.9,12.5,22.0,42.7,6.7,2.7,0.6,5.4,10%,,
Taylor Hall,CAR,33,LW,195.8,2.65,74,13.7,1.8,15.4,20.5,35.9,126.6,3.7,7.6,34.3,48.0,5.6,2.7,30.8,35.4,46%,,
Olen Zellweger,ANA,22,D,194.8,2.63,74,19.3,1.8,6.8,17.5,24.2,141.6,0.8,5.9,90.9,53.9,-3.4,0.7,0.0,0.0,0%,,
Pius Suter,STL,29,"C,LW",194.8,2.63,74,16.4,1.2,19.6,17.4,37.1,123.1,1.2,3.4,37.3,56.9,2.0,2.8,313.9,377.5,45%,,
Adam Larsson,SEA,32,D,194.0,2.66,73,22.1,0.1,5.6,18.2,23.9,108.8,0.0,0.1,135.8,104.1,-4.4,0.7,0.0,0.0,0%,,
Mikael Backlund,CGY,36,C,193.7,2.69,72,17.4,0.7,13.4,17.8,31.2,157.1,0.7,2.0,39.5,48.1,-2.9,1.8,623.1,636.4,49%,,
Jack Quinn,BUF,24,RW,193.5,2.65,73,14.6,1.5,15.8,21.6,37.4,119.8,2.9,8.3,26.2,49.5,-0.8,2.2,2.1,8.2,20%,,
Vladislav Gavrikov,NYR,29,D,193.4,2.69,72,23.4,0.0,5.7,20.2,25.9,107.5,0.0,0.1,123.7,49.6,2.8,0.9,0.0,0.0,0%,,
Yegor Sharangovich,CGY,27,"C,LW,RW",192.6,2.67,72,15.5,1.9,17.6,17.3,34.9,125.6,4.0,8.5,33.2,25.9,-5.1,2.4,95.4,146.5,39%,,
Ville Koivunen,PIT,22,RW,192.6,2.64,73,14.6,1.6,10.3,25.1,35.4,110.3,2.4,9.7,43.1,62.1,-4.4,1.4,4.7,1.0,83%,,
Jamie Drysdale,PHI,23,D,192.5,2.60,74,21.9,2.8,7.5,19.8,27.3,90.1,2.5,9.3,112.4,43.0,-5.6,1.0,0.0,0.0,0%,,
Fabian Zetterlund,OTT,26,RW,191.8,2.63,73,14.6,1.3,13.9,16.2,30.2,139.0,2.4,5.2,53.2,108.3,0.8,2.2,19.6,20.5,49%,,
Matvei Gridin,CGY,19,RW,191.6,2.66,72,14.7,1.0,16.3,17.5,33.8,135.1,1.4,3.3,38.7,56.0,-3.9,2.2,0.0,72.0,0%,,
Dylan Samberg,WPG,26,D,191.5,2.62,73,21.3,0.1,4.7,17.6,22.4,107.0,0.0,0.5,140.9,78.9,5.8,0.8,0.0,0.0,0%,,
Mason Lohrei,BOS,24,D,191.5,2.66,72,18.5,1.8,5.5,24.5,29.9,81.6,1.9,12.3,97.3,46.4,-6.8,0.8,0.0,0.0,0%,,
Timothy Liljegren,S.J,26,D,191.4,2.62,73,21.0,0.8,5.5,17.2,22.6,102.1,0.6,2.6,139.7,89.8,-7.6,0.5,0.0,0.0,0%,,
Alex Laferriere,L.A,23,RW,191.4,2.66,72,15.2,1.1,14.7,16.1,30.9,154.3,1.2,3.1,37.3,106.9,3.0,2.6,46.4,61.0,43%,,
Hampus Lindholm,BOS,31,D,191.4,2.66,72,20.7,1.3,5.5,22.0,27.5,107.6,0.7,5.5,99.4,54.7,-3.1,0.8,0.0,0.0,0%,,
Nick Seeler,PHI,32,D,191.2,2.58,74,18.9,0.1,2.7,15.2,17.9,88.9,0.0,0.2,185.6,127.6,-3.1,0.4,0.0,0.0,0%,,
Ryan McDonagh,T.B,36,D,191.0,2.62,73,21.2,0.3,4.6,23.0,27.5,77.9,0.1,1.0,136.9,40.7,7.5,0.8,0.0,0.0,0%,,
Simon Edvinsson,DET,22,D,190.6,2.61,73,21.1,0.5,7.9,18.2,26.1,85.0,0.2,1.1,137.1,83.3,-1.2,1.0,0.0,0.0,0%,,
Kaiden Guhle,MTL,23,D,190.5,2.65,72,20.4,0.0,6.9,16.9,23.8,93.8,0.0,0.1,143.9,120.6,-1.8,0.9,0.0,0.0,0%,,
Jake McCabe,TOR,32,D,189.8,2.60,73,21.0,0.1,4.7,20.8,25.5,80.1,0.1,0.4,145.6,137.3,4.8,0.8,0.0,0.0,0%,,
Brayden McNabb,VGK,34,D,189.0,2.59,73,21.2,0.1,4.0,16.5,20.5,85.0,0.0,0.2,169.5,119.5,7.8,0.7,0.0,0.0,0%,,
Noah Cates,PHI,26,C,188.8,2.55,74,16.4,1.4,14.2,19.8,34.0,111.7,2.2,4.8,52.5,80.8,-3.4,1.9,424.1,547.5,44%,,
Ridly Greig,OTT,23,"C,RW",188.5,2.58,73,17.0,2.1,13.7,19.6,33.3,113.9,3.3,9.0,45.3,121.3,0.0,2.2,200.2,196.1,51%,,
Luke Evangelista,NSH,23,RW,186.6,2.59,72,13.8,1.7,11.8,21.9,33.7,137.7,1.9,7.1,19.1,36.0,-2.6,1.8,0.3,2.4,0%,,
Rasmus Ristolainen,PHI,31,D,186.0,2.51,74,20.7,1.1,4.4,17.6,22.0,114.9,0.4,3.9,117.3,112.0,-4.1,0.6,0.0,0.0,0%,,
Stefan Noesen,N.J,32,LW,185.9,2.55,73,14.0,1.7,15.4,18.1,33.5,126.3,5.0,9.3,25.8,119.6,4.6,2.3,38.5,44.4,46%,,
Ryan Pulock,NYI,31,D,185.8,2.51,74,20.2,0.3,4.1,17.3,21.3,89.5,0.3,1.1,151.9,93.9,-2.7,0.6,0.0,0.0,0%,,
Tyler Myers,VAN,35,D,185.5,2.58,72,20.9,0.2,5.2,19.2,24.3,88.3,0.0,0.4,135.8,93.3,0.4,0.8,0.0,0.0,0%,,
Axel Sandin-Pellikka,DET,20,D,185.1,2.54,73,19.4,1.8,5.6,18.4,24.0,99.1,1.2,9.3,108.5,76.1,-2.6,0.7,0.0,0.0,0%,,
Alexander Wennberg,S.J,31,C,185.1,2.54,73,18.7,2.0,11.0,22.0,33.1,86.4,3.0,7.5,70.4,36.3,-8.2,1.1,494.0,559.0,47%,,
Ilya Mikheyev,CHI,31,RW,183.6,2.51,73,16.7,0.1,17.5,16.6,34.1,139.8,0.1,0.1,22.4,42.9,-5.5,2.3,2.9,15.9,15%,,
Matias MacCelli,TOR,25,LW,183.3,2.51,73,14.9,1.4,14.0,23.0,37.0,112.4,1.2,6.3,19.8,22.6,3.3,2.2,5.9,9.0,40%,,
Brendan Gallagher,MTL,33,RW,183.1,2.54,72,13.7,1.6,15.2,17.1,32.2,130.7,2.9,6.0,30.1,73.1,0.4,1.9,3.1,9.6,24%,,
Casey Mittelstadt,BOS,26,C,183.0,2.54,72,15.1,1.8,13.8,24.7,38.5,92.5,2.3,8.1,26.5,27.1,-5.3,2.0,353.5,412.0,46%,,
Jack Roslovic,EDM,28,"C,RW",182.9,2.54,72,14.3,0.7,15.4,19.8,35.2,125.2,0.6,1.8,25.8,26.5,5.2,2.5,157.0,168.1,48%,,
J.T. Compher,DET,30,C,182.7,2.50,73,16.4,1.5,12.6,21.3,34.0,92.6,3.2,6.6,55.8,39.3,-1.5,1.7,432.1,509.5,46%,,
Warren Foegele,L.A,29,RW,182.5,2.54,72,13.9,0.2,15.9,15.9,31.8,143.4,0.2,0.5,29.9,69.7,3.9,2.8,16.4,22.1,43%,,
Charlie Coyle,CBJ,33,"C,RW",182.5,2.47,74,15.9,0.9,14.6,19.6,34.2,102.2,1.7,3.6,50.6,98.1,-1.6,2.0,407.1,400.0,50%,,
David Perron,OTT,37,"LW,RW",182.3,2.50,73,13.9,1.9,14.2,19.4,33.6,119.6,5.1,10.6,22.3,101.5,0.3,2.3,7.9,15.9,33%,,
Jean-Gabriel Pageau,NYI,32,"C,RW",181.9,2.46,74,15.3,0.7,11.5,22.5,34.0,99.3,0.9,2.0,56.5,127.0,-1.5,1.7,541.1,396.5,58%,,
Simon Holmstrom,NYI,24,RW,181.2,2.45,74,15.0,1.0,17.2,18.6,35.8,88.5,1.2,3.2,52.3,33.3,-2.0,2.5,2.1,6.8,24%,,
Philip Broberg,STL,24,D,181.0,2.45,74,21.0,0.1,6.7,17.3,24.0,104.5,0.0,0.5,112.3,57.0,3.1,1.0,0.0,0.0,0%,,
Ryan Strome,ANA,32,C,180.8,2.44,74,15.0,1.6,10.6,24.2,34.8,114.0,0.9,5.2,28.2,49.1,-4.7,1.2,370.9,480.0,44%,,
Thomas Novak,PIT,28,C,179.7,2.46,73,12.9,1.2,15.3,18.5,33.8,109.2,2.7,6.7,34.0,24.2,-3.5,2.0,145.6,194.9,43%,,
Matt Roy,WSH,30,D,179.7,2.46,73,19.3,0.0,4.4,17.5,21.9,99.6,0.0,0.1,128.1,107.0,3.2,0.7,0.0,0.0,0%,,
Nick Paul,T.B,30,"C,LW",179.6,2.46,73,14.9,0.9,17.1,16.4,33.6,119.6,2.0,3.6,31.0,66.9,5.1,2.9,371.4,338.9,50%,,
Connor Zary,CGY,24,"C,LW,RW",179.4,2.49,72,14.3,2.1,14.6,18.0,32.6,116.8,2.4,8.2,30.3,41.5,-3.2,2.0,111.3,159.0,41%,,
Conor Sheary,NYR,33,LW,179.3,2.49,72,16.4,0.9,10.9,20.7,31.6,115.4,1.1,3.7,46.4,44.3,1.2,1.6,12.8,12.8,50%,,
Adam Lowry,WPG,32,C,178.8,2.45,73,15.4,0.1,14.2,18.7,32.9,103.8,0.1,0.2,56.3,132.6,5.4,2.3,589.5,579.1,50%,,
Adam Pelech,NYI,31,D,178.7,2.42,74,20.2,0.1,2.3,19.1,21.5,110.0,0.0,0.3,118.1,80.6,-1.5,0.3,0.0,0.0,0%,,
Samuel Girard,COL,27,D,178.5,2.48,72,20.4,0.4,4.0,20.3,24.3,95.5,0.1,1.2,112.9,72.4,5.7,0.7,0.0,0.0,0%,,
Rasmus Sandin,WSH,25,D,178.3,2.44,73,19.3,1.5,4.2,22.9,27.1,75.3,0.7,6.7,105.1,84.8,3.0,0.7,0.0,0.0,0%,,
Alex Killorn,ANA,36,"C,LW,RW",177.9,2.40,74,15.9,1.3,16.4,17.1,33.5,121.4,1.5,3.9,25.5,70.2,-3.5,1.8,13.1,20.1,39%,,
Alex Vlasic,CHI,24,D,177.8,2.44,73,22.9,0.7,3.1,17.4,20.5,80.8,0.3,3.8,144.1,64.1,-8.7,0.4,0.0,0.0,0%,,
Cole Sillinger,CBJ,22,"C,RW",177.8,2.40,74,15.0,0.5,10.7,19.8,30.5,127.5,0.9,1.5,42.0,82.9,-3.1,1.5,300.8,359.7,46%,,
Michael Kesselring,UTA,25,D,177.7,2.47,72,18.5,0.4,5.9,20.0,26.0,121.3,0.4,1.4,75.4,87.7,2.5,0.9,0.0,0.0,0%,,
Darren Raddysh,T.B,29,D,177.1,2.43,73,16.3,1.3,5.3,23.3,28.6,95.6,1.3,6.7,74.0,56.5,5.8,0.9,0.0,0.0,0%,,
Damon Severson,CBJ,31,D,176.9,2.39,74,18.7,0.8,7.0,19.7,26.7,91.7,0.2,2.2,97.3,54.5,-0.9,1.0,0.0,0.0,0%,,
Mavrik Bourque,DAL,23,"C,RW",176.6,2.42,73,14.5,1.4,13.2,18.3,31.4,107.1,2.4,8.3,41.0,57.4,4.0,2.2,134.8,201.6,0%,,
Alexander Nikishin,CAR,24,D,176.5,2.38,74,18.1,0.1,5.8,19.2,25.0,96.5,0.0,0.3,105.8,103.3,6.5,1.0,0.0,0.0,0%,,
Ross Colton,COL,29,"C,LW",176.3,2.45,72,12.8,0.9,13.8,16.1,29.9,125.0,1.9,3.6,41.0,144.9,6.4,2.2,114.7,125.0,48%,,
Anthony Duclair,NYI,30,LW,175.9,2.38,74,14.6,1.5,16.7,14.4,31.1,114.7,4.2,7.4,35.9,43.9,-2.4,2.4,2.5,10.9,18%,,
Ben Kindel,PIT,18,C,175.9,2.41,73,13.6,1.4,15.0,14.3,29.3,119.3,2.3,5.5,45.6,72.2,-3.9,2.0,260.7,302.4,46%,,
Dante Fabbro,CBJ,27,D,175.5,2.37,74,19.1,0.1,5.7,14.9,20.6,89.1,0.0,0.2,137.7,70.1,0.6,0.8,0.0,0.0,0%,,
Vladislav Namestnikov,WPG,32,"C,LW",175.1,2.40,73,14.7,1.5,11.5,21.5,33.1,91.3,2.8,8.2,44.1,78.6,4.7,1.9,252.7,361.2,41%,,
Arseny Gritsyuk,N.J,24,RW,174.5,2.39,73,13.3,0.9,12.3,20.5,32.8,122.2,2.2,3.7,22.9,94.3,3.2,1.8,0.0,0.0,0%,,
Yegor Chinakhov,CBJ,24,"LW,RW",173.9,2.35,74,12.8,0.8,14.9,16.0,30.9,128.3,1.3,2.8,28.7,82.8,-1.0,2.1,0.4,5.1,7%,,
Ryan Leonard,WSH,20,RW,173.7,2.38,73,13.6,1.3,14.7,14.8,29.5,131.9,3.4,6.3,26.0,111.0,2.4,2.5,23.0,5.6,80%,,
Braden Schneider,NYR,24,D,171.5,2.38,72,18.6,1.0,4.9,15.4,20.3,93.5,0.4,2.5,122.5,131.6,0.2,0.7,0.0,0.0,0%,,
Brett Pesce,N.J,30,D,170.8,2.34,73,20.3,0.1,3.5,14.5,18.0,96.9,0.1,0.4,135.9,38.5,3.4,0.5,0.0,0.0,0%,,
Gustav Nyquist,WPG,36,"LW,RW",170.7,2.34,73,14.3,1.8,11.5,22.1,33.6,96.4,2.3,7.7,28.1,42.2,3.4,1.9,11.8,18.5,39%,,
Christian Dvorak,PHI,29,C,170.6,2.31,74,15.4,0.2,12.2,17.9,30.1,99.1,0.3,0.8,60.1,46.2,-4.4,1.6,510.6,408.6,56%,,
Max Domi,TOR,30,"C,LW",170.4,2.33,73,13.5,1.1,9.4,23.6,33.0,105.5,1.0,4.3,28.8,41.6,3.0,1.5,265.7,257.4,51%,,
Evgenii Dadonov,N.J,36,RW,169.9,2.33,73,12.9,1.1,15.0,17.2,32.2,103.9,2.3,4.7,33.2,47.2,2.9,2.2,0.1,1.6,5%,,
Marcus Pettersson,VAN,29,D,169.3,2.35,72,20.7,0.1,3.2,19.9,23.0,71.6,0.0,0.1,128.7,76.3,2.3,0.5,0.0,0.0,0%,,
Ben Chiarot,DET,34,D,168.5,2.31,73,21.0,0.1,4.3,12.7,17.0,98.2,0.0,0.2,136.6,119.4,-4.1,0.6,0.0,0.0,0%,,
Philip Tomasino,PIT,24,"C,RW",167.4,2.29,73,13.2,1.1,12.1,16.3,28.4,117.8,2.0,5.7,35.0,74.2,-5.7,1.6,7.5,16.4,31%,,
Jordan Spence,OTT,24,D,167.3,2.29,73,17.9,0.4,3.6,22.9,26.5,89.9,0.1,1.5,82.8,82.1,3.1,0.6,0.0,0.0,0%,,
Andrew Mangiapane,EDM,29,"LW,RW",166.9,2.32,72,15.1,0.6,14.8,17.3,32.2,103.1,0.5,1.6,34.6,72.2,6.5,2.4,4.4,6.4,41%,,
Kirby Dach,MTL,24,"C,RW",166.7,2.32,72,14.7,1.5,12.5,15.7,28.2,104.9,1.7,6.2,46.8,108.1,-1.8,1.6,120.5,183.6,40%,,
Mario Ferraro,S.J,27,D,166.6,2.28,73,21.7,0.1,4.3,13.5,17.8,87.4,0.0,0.2,138.7,125.1,-10.6,0.4,0.0,0.1,0%,,
Dylan Demelo,WPG,32,D,166.3,2.28,73,21.6,0.1,3.6,19.9,23.5,73.4,0.0,0.3,117.5,113.0,6.8,0.6,0.0,0.0,0%,,
Reilly Smith,VGK,34,RW,166.3,2.28,73,13.7,0.7,11.4,19.7,31.1,109.5,1.1,3.3,30.1,50.4,6.1,1.9,3.1,5.9,35%,,
Jordan Martinook,CAR,33,LW,165.7,2.24,74,14.6,0.0,11.7,17.9,29.7,110.9,0.1,0.1,42.2,76.9,6.9,2.1,31.5,34.2,48%,,
Alexandre Carrier,MTL,29,D,165.6,2.30,72,18.9,0.0,3.4,16.3,19.7,70.7,0.0,0.1,142.2,67.9,-1.5,0.4,0.0,0.0,0%,,
Artem Zub,OTT,30,D,165.4,2.27,73,19.4,0.0,3.8,16.1,20.0,78.6,0.0,0.1,132.1,96.0,1.6,0.6,0.0,0.0,0%,,
Josh Manson,COL,34,D,165.3,2.30,72,18.1,0.0,4.7,16.3,21.0,100.9,0.0,0.1,103.2,146.6,5.6,0.8,0.0,0.3,0%,,
Jalen Chatfield,CAR,29,D,165.1,2.23,74,20.1,0.1,7.2,14.9,22.1,110.5,0.0,0.2,86.8,72.3,7.8,1.3,0.0,0.0,0%,,
Martin Fehervary,WSH,26,D,164.3,2.25,73,19.1,0.0,4.5,16.0,20.5,76.9,0.0,0.1,128.5,130.7,1.8,0.8,0.0,0.0,0%,,
Nicolas Roy,TOR,28,"C,RW",164.3,2.25,73,14.3,0.7,12.7,17.4,30.1,97.4,0.9,2.5,45.7,75.2,2.4,2.0,360.0,394.2,48%,,
Marcus Johansson,MIN,35,LW,164.0,2.28,72,14.8,1.1,12.2,18.6,30.7,107.2,1.7,5.3,25.7,42.8,0.5,2.0,7.0,15.8,31%,,
Nikita Zadorov,BOS,30,D,163.0,2.26,72,21.2,0.1,6.1,14.8,20.8,93.8,0.0,0.2,106.6,183.4,-4.3,0.9,0.0,0.0,0%,,
Nick Perbix,NSH,27,D,163.0,2.26,72,19.3,0.2,5.2,17.4,22.6,82.6,0.1,0.5,106.9,68.4,-3.5,0.8,0.0,0.0,0%,,
Jordan Staal,CAR,37,C,162.5,2.20,74,15.0,0.1,12.4,17.9,30.3,103.0,0.1,0.2,39.9,122.1,6.6,2.2,723.0,562.7,56%,,
Yanni Gourde,T.B,33,C,162.1,2.22,73,15.0,0.1,9.7,19.9,29.6,102.9,0.1,0.2,42.9,118.0,5.9,1.6,339.9,360.7,49%,,
Nick Foligno,CHI,37,"C,LW",162.0,2.22,73,15.0,1.2,12.7,16.7,29.4,100.7,2.9,6.4,34.4,156.5,-7.3,1.7,280.5,272.7,51%,,
Jake Middleton,MIN,29,D,161.3,2.24,72,18.2,0.0,5.5,13.3,18.8,80.7,0.0,0.1,128.8,92.4,-0.1,0.9,0.0,0.0,0%,,
Philipp Kurashev,S.J,26,"C,RW",160.3,2.20,73,15.0,1.2,12.2,18.1,30.3,96.1,1.9,5.2,32.4,42.8,-9.8,1.2,114.9,126.6,48%,,
Artyom Levshunov,CHI,19,D,160.1,2.19,73,17.6,1.8,2.6,21.2,23.8,80.6,0.8,9.3,78.0,84.3,-6.5,0.3,0.0,0.0,0%,,
James Van Riemsdyk,DET,36,LW,160.1,2.19,73,11.9,1.4,12.8,18.8,31.5,98.1,2.5,5.3,22.3,41.4,0.0,1.7,7.7,10.5,42%,,
Gabriel Landeskog,COL,32,LW,159.9,2.22,72,14.5,1.9,10.5,18.2,28.6,108.5,2.8,6.7,26.2,101.0,6.4,1.7,86.4,28.8,75%,,
Erik Haula,NSH,34,"C,LW",159.5,2.21,72,15.2,0.8,12.5,14.2,26.7,114.6,1.3,3.1,38.2,96.4,-4.1,1.9,428.7,369.6,54%,,
Adam Henrique,EDM,35,"C,LW",159.5,2.21,72,13.5,0.8,12.4,13.5,25.8,93.3,1.5,3.5,63.8,61.6,5.4,2.0,418.0,351.1,54%,,
Connor Brown,N.J,31,RW,159.3,2.18,73,15.1,0.0,12.8,14.0,26.8,117.7,0.0,0.1,40.1,35.6,2.8,1.9,16.7,24.5,40%,,
Radko Gudas,ANA,35,D,158.7,2.14,74,17.8,0.0,2.9,13.3,16.2,81.2,0.0,0.0,138.8,194.7,-3.8,0.3,0.0,0.0,0%,,
Nils Hoglander,VAN,24,LW,158.6,2.20,72,13.6,1.1,14.4,16.2,30.6,103.6,0.8,2.4,25.2,86.1,2.7,2.3,0.0,1.0,3%,,
Eetu Luostarinen,FLA,27,LW,158.5,2.20,72,16.3,0.3,10.8,15.8,26.6,98.6,0.4,0.9,56.7,145.0,3.1,1.9,59.4,61.3,49%,,
Scott Laughton,TOR,31,"C,LW",157.9,2.16,73,13.2,0.0,10.7,16.5,27.2,108.2,0.0,0.1,44.3,132.1,-0.6,1.7,259.8,265.6,49%,,
Conor Timmins,BUF,27,D,157.9,2.16,73,18.9,0.1,3.4,16.2,19.6,77.3,0.0,0.4,120.1,75.2,1.3,0.5,0.0,0.0,0%,,
Justin Brazeau,PIT,27,RW,157.7,2.16,73,12.8,0.8,13.6,14.0,27.6,97.2,2.7,4.0,44.6,123.2,-4.4,1.8,2.8,10.3,22%,,
John Marino,UTA,28,D,156.1,2.17,72,20.5,0.1,4.1,20.8,24.9,67.5,0.0,0.3,94.7,43.0,0.9,0.7,0.0,0.0,0%,,
Andrew Copp,DET,31,"C,LW",156.0,2.14,73,14.4,0.7,11.0,17.8,28.8,90.4,0.7,2.4,44.1,33.4,-1.4,1.5,404.3,384.8,51%,,
Drew Helleson,ANA,24,D,155.9,2.11,74,17.8,0.2,6.2,13.8,20.0,88.8,0.1,0.6,101.5,111.5,-5.2,0.7,0.0,0.0,0%,,
Chris Tanev,TOR,35,D,155.7,2.13,73,18.7,0.0,2.4,14.2,16.5,52.4,0.0,0.1,159.5,42.9,4.5,0.4,0.0,0.0,0%,,
J.J. Moser,T.B,25,D,155.6,2.13,73,20.3,0.2,4.6,16.9,21.5,77.4,0.1,0.7,103.5,72.0,6.2,0.8,0.0,0.0,0%,,
Nicholas Robertson,TOR,24,RW,155.4,2.13,73,12.0,0.8,14.5,11.2,25.8,118.9,1.4,2.4,32.4,86.8,2.5,2.3,3.3,5.9,36%,,
Colton Dach,CHI,22,"C,LW",155.4,2.13,73,13.5,1.7,9.3,18.0,27.3,99.2,2.3,7.0,33.8,204.6,-7.0,1.2,33.8,30.8,52%,,
Brett Kulak,EDM,31,D,155.2,2.16,72,18.7,0.1,4.3,14.6,18.9,100.3,0.0,0.2,96.5,45.0,5.7,0.7,0.0,0.0,0%,,
Denton Mateychuk,CBJ,21,D,154.7,2.09,74,17.8,0.4,6.7,14.5,21.2,80.2,0.1,0.8,100.5,69.2,-1.3,0.9,0.0,0.0,0%,,
Mikey Anderson,L.A,28,D,153.7,2.14,72,21.0,0.1,4.1,14.7,18.8,76.6,0.1,0.2,117.9,103.5,3.0,0.7,0.0,0.0,0%,,
Anthony Beauvillier,WSH,28,LW,152.8,2.09,73,13.4,0.1,11.5,12.2,23.7,130.5,0.1,0.2,32.3,105.5,2.8,1.9,12.3,18.5,40%,,
Lawson Crouse,UTA,28,"LW,RW",152.6,2.12,72,14.4,0.9,12.6,10.5,23.1,116.3,1.8,2.7,45.1,155.2,1.2,2.0,18.5,28.7,49%,,
Will Borgen,NYR,28,D,152.3,2.11,72,18.9,0.1,3.9,15.0,18.9,80.9,0.0,0.2,110.1,119.0,-0.2,0.6,0.0,0.0,0%,,
Corey Perry,L.A,40,RW,152.1,2.11,72,12.5,1.5,15.6,12.1,27.7,97.1,4.4,7.4,26.0,49.0,2.1,2.7,6.6,16.9,28%,,
Jake Evans,MTL,29,C,151.4,2.10,72,15.8,0.0,9.3,18.6,27.9,78.6,0.0,0.1,56.5,96.0,-1.9,1.2,527.3,473.6,53%,,
Mattias Samuelsson,BUF,25,D,151.2,2.07,73,19.9,0.0,4.5,12.8,17.3,73.4,0.0,0.1,125.4,121.0,-0.3,0.6,0.0,0.0,0%,,
Mathieu Olivier,CBJ,28,RW,150.2,2.03,74,13.3,0.1,11.7,12.2,23.9,94.6,0.2,0.4,61.8,224.2,-2.1,1.6,7.6,17.7,30%,,
Scott Mayfield,NYI,33,D,149.5,2.02,74,18.6,0.0,3.4,12.2,15.6,74.4,0.0,0.1,130.8,94.2,-1.1,0.5,0.0,0.0,0%,,
Nic Dowd,WSH,35,C,149.2,2.04,73,15.1,0.1,12.6,12.8,25.4,78.8,0.1,0.2,66.6,117.7,1.8,2.1,524.4,542.6,49%,,
Andrew Peeke,BOS,27,D,149.1,2.07,72,18.3,0.1,2.2,13.0,15.2,75.3,0.0,0.2,131.2,105.2,-6.3,0.3,0.0,0.0,0%,,
Jamie Oleksiak,SEA,32,D,148.8,2.04,73,18.3,0.0,3.7,11.7,15.4,72.0,0.0,0.1,133.1,80.4,-5.6,0.5,0.0,0.0,0%,,
Alex Newhook,MTL,24,C,148.8,2.07,72,15.0,0.6,14.1,13.3,27.4,95.8,0.5,1.6,34.1,75.7,-1.3,1.8,214.1,276.6,44%,,
Alexander Kerfoot,UTA,31,"C,LW,RW",148.4,2.06,72,14.4,0.2,9.5,16.1,25.7,86.0,0.3,1.0,54.8,57.6,0.8,1.5,214.7,219.3,49%,,
Ryker Evans,SEA,23,D,148.1,2.03,73,18.3,0.7,4.3,16.7,21.0,66.5,0.1,2.6,98.4,103.4,-5.7,0.6,0.0,0.0,0%,,
Brandon Carlo,TOR,28,D,147.6,2.02,73,19.4,0.0,2.8,12.2,15.0,79.3,0.0,0.0,126.0,90.3,2.5,0.5,0.0,0.0,0%,,
Kevin Bahl,CGY,25,D,147.4,2.05,72,20.9,0.1,2.8,14.4,17.2,74.2,0.1,0.3,116.8,104.6,-4.3,0.4,0.0,0.0,0%,,
Joel Armia,L.A,32,RW,147.4,2.05,72,13.5,0.7,11.6,14.4,26.0,102.0,0.5,2.1,32.5,77.1,0.4,2.0,4.3,10.9,28%,,
Vasily Podkolzin,EDM,24,"LW,RW",147.2,2.04,72,13.5,0.0,8.4,16.1,24.5,103.8,0.0,0.0,43.5,178.0,6.6,1.4,13.0,32.3,29%,,
Jack McBain,UTA,25,"C,LW",147.0,2.04,72,13.8,1.1,11.0,14.5,25.4,88.9,1.6,4.4,43.7,213.3,1.5,1.7,244.7,276.7,47%,,
Erik Cernak,T.B,28,D,146.7,2.01,73,19.4,0.0,2.9,15.3,18.2,68.0,0.0,0.2,115.7,147.7,5.3,0.5,0.0,0.0,0%,,
Pavel Mintyukov,ANA,21,D,146.7,1.98,74,16.6,0.4,4.4,16.2,20.6,75.4,0.1,1.8,90.9,88.9,-5.6,0.5,0.0,0.0,0%,,
Nate Schmidt,UTA,34,D,146.1,2.03,72,18.9,1.5,4.2,14.9,19.1,82.5,0.8,4.5,86.1,84.0,3.0,0.7,0.0,0.0,0%,,
Sam Steel,DAL,27,C,146.1,2.00,73,15.7,0.7,9.3,17.6,26.9,95.3,1.2,2.3,31.0,69.4,3.4,1.5,191.5,187.6,51%,,
Ryan Lindgren,SEA,27,D,145.3,1.99,73,18.3,0.0,3.3,15.8,19.1,65.5,0.0,0.2,110.4,79.2,-5.2,0.4,0.0,0.0,0%,,
Cody Glass,N.J,26,"C,RW",145.1,1.99,73,13.0,0.6,9.2,15.1,24.3,102.6,1.0,1.8,38.3,62.3,3.4,1.4,261.8,271.0,49%,,
Wyatt Kaiser,CHI,23,D,145.0,1.99,73,19.0,0.1,3.8,12.1,15.9,82.6,0.0,0.3,111.1,73.5,-6.3,0.5,0.0,0.0,0%,,
Nick Jensen,OTT,35,D,145.0,1.99,73,18.9,0.1,2.8,16.3,19.1,75.4,0.0,0.1,99.8,64.4,0.3,0.5,0.0,0.0,0%,,
Jonny Brodzinski,NYR,32,C,144.7,2.01,72,11.9,1.1,12.4,12.6,25.0,103.8,1.2,2.7,30.2,55.0,0.9,1.9,146.9,148.3,50%,,
Kevin Stenlund,UTA,29,C,144.4,2.01,72,15.2,0.1,12.1,10.5,22.6,93.8,0.1,0.1,59.2,60.2,-0.5,1.9,558.1,452.7,55%,,
Jason Dickinson,CHI,30,C,144.2,1.98,73,14.9,0.1,11.5,12.5,24.0,84.0,0.1,0.2,59.7,107.0,-6.7,1.5,505.2,511.2,50%,,
Simon Nemec,N.J,21,D,144.0,1.97,73,16.3,0.3,3.6,15.9,19.4,71.2,0.1,1.0,98.3,42.9,1.5,0.5,0.0,0.0,0%,,
Sam Malinski,COL,27,D,143.5,1.99,72,15.1,0.0,4.5,12.2,16.7,96.1,0.0,0.2,90.4,56.7,6.7,0.7,0.0,0.0,0%,,
Nicolas Hague,NSH,26,D,143.3,1.99,72,19.1,0.0,3.9,11.6,15.5,91.9,0.0,0.1,101.7,104.3,-5.3,0.6,0.0,0.0,0%,,
Brandon Saad,VGK,33,LW,143.1,1.96,73,13.1,0.2,13.1,13.0,26.1,105.5,0.3,0.7,23.0,23.6,5.4,2.1,7.6,13.6,36%,,
Michael Brandsegg-Nygård,DET,20,RW,142.9,1.96,73,12.6,1.6,8.9,13.9,22.8,104.8,2.5,6.1,31.9,150.3,-0.8,1.2,0.0,0.0,0%,,
Michael Amadio,OTT,29,RW,142.9,1.96,73,13.6,0.1,11.4,13.4,24.7,92.7,0.2,0.4,43.9,91.1,1.4,1.8,47.2,45.6,51%,,
Ryan Poehling,ANA,26,C,142.7,1.93,74,11.8,0.2,9.2,14.9,24.1,73.8,0.4,0.6,65.8,44.4,-3.4,1.0,341.2,346.6,50%,,
Trent Frederic,EDM,27,C,142.7,1.98,72,12.9,0.5,12.2,12.7,24.9,97.7,1.0,2.0,34.4,165.6,5.5,2.0,95.6,124.7,43%,,
Cody Ceci,L.A,31,D,142.1,1.97,72,18.1,0.0,3.3,14.4,17.7,72.8,0.0,0.1,105.0,67.3,-0.3,0.6,0.0,0.0,0%,,
Jonas Siegenthaler,N.J,28,D,141.9,1.94,73,19.5,0.0,2.7,12.2,14.9,72.8,0.0,0.1,121.6,90.1,3.8,0.4,0.0,0.0,0%,,
Elmer Soderblom,DET,24,LW,141.5,1.94,73,12.5,0.2,10.7,15.5,26.3,94.0,0.2,0.5,30.4,108.6,-0.7,1.4,7.6,24.2,24%,,
Brett Howden,VGK,27,"C,LW",141.3,1.94,73,12.5,0.1,13.4,12.3,25.7,87.4,0.1,0.3,40.4,95.1,4.7,2.2,187.0,180.2,51%,,
Parker Wotherspoon,PIT,28,D,141.3,1.94,73,19.9,0.1,2.1,15.0,17.1,70.1,0.1,0.4,109.1,101.3,-4.5,0.3,0.0,0.0,0%,,
Jesperi Kotkaniemi,CAR,25,C,140.7,1.90,74,11.8,0.9,10.4,15.6,26.0,92.9,0.7,2.0,28.7,63.4,6.8,1.8,295.3,277.1,52%,,
Ondrej Palat,N.J,34,LW,140.5,1.93,73,12.5,0.7,10.5,13.4,23.9,84.2,1.0,2.4,48.5,98.2,2.9,1.6,2.9,13.1,0%,,
Mason Appleton,DET,29,"C,RW",140.5,1.92,73,14.2,0.1,10.7,13.7,24.4,100.2,0.1,0.2,33.8,78.8,-1.2,1.4,8.7,10.0,46%,,
Kaedan Korczak,VGK,24,D,140.3,1.92,73,16.3,0.0,2.5,16.1,18.5,75.5,0.0,0.2,93.7,113.0,8.2,0.4,0.0,0.0,0%,,
Jeff Petry,FLA,37,D,139.9,1.94,72,15.0,1.3,3.2,16.9,20.1,64.3,0.8,6.3,82.5,83.2,1.7,0.6,0.0,0.0,0%,,
Jonatan Berggren,DET,25,RW,139.5,1.91,73,12.5,1.1,12.3,13.7,26.0,91.9,3.3,5.6,19.8,53.2,-2.4,1.6,4.0,9.0,30%,,
Niko Mikkola,FLA,29,D,139.0,1.93,72,19.1,0.1,3.7,12.0,15.7,90.9,0.0,0.2,92.3,115.6,3.2,0.7,0.0,0.0,0%,,
Fedor Svechkov,NSH,22,C,138.8,1.93,72,13.3,1.0,10.2,12.0,22.2,102.4,1.8,4.4,33.4,55.0,-5.3,1.6,174.6,304.3,36%,,
Emil Heineman,NYI,23,LW,138.5,1.87,74,12.6,0.7,14.1,11.2,25.3,87.1,1.9,3.3,31.7,204.2,-1.4,2.0,2.7,10.0,21%,,
Drew O'Connor,VAN,27,LW,138.2,1.92,72,13.7,0.0,9.2,12.3,21.5,100.6,0.1,0.2,46.4,63.5,-0.7,1.5,35.9,44.0,45%,,
Marcus Foligno,MIN,34,LW,138.2,1.92,72,13.8,0.1,11.5,13.4,24.9,79.5,0.1,0.2,47.1,210.1,1.8,1.8,6.9,11.5,37%,,
Josh Anderson,MTL,31,RW,138.1,1.92,72,14.7,0.0,11.6,10.2,21.8,103.7,0.0,0.0,41.5,136.7,-1.4,1.5,22.1,18.5,54%,,
Teddy Blueger,VAN,31,C,137.4,1.91,72,14.1,0.0,7.7,16.6,24.3,87.6,0.0,0.1,41.5,89.2,-0.3,1.2,432.2,411.6,51%,,
Michael Eyssimont,BOS,29,"C,LW",136.9,1.90,72,11.0,0.5,9.0,10.4,19.5,126.2,0.8,2.2,26.5,99.6,-3.7,1.3,5.8,10.0,36%,,
Michael Rasmussen,DET,26,"C,LW",136.8,1.87,73,12.5,0.5,9.5,12.1,21.7,85.6,0.8,1.7,54.6,114.6,-1.4,1.3,103.0,110.1,0%,,
Trevor Van Riemsdyk,WSH,34,D,136.6,1.87,73,16.3,0.0,2.0,13.9,15.9,68.1,0.0,0.1,109.5,29.8,3.2,0.3,0.0,0.0,0%,,
Max Shabanov,NYI,25,RW,136.6,1.85,74,11.7,0.9,10.2,13.9,24.2,93.6,1.3,4.0,26.5,98.0,-2.3,1.5,0.0,0.0,0%,,
Logan O'Connor,COL,29,RW,136.3,1.89,72,14.1,0.0,10.8,12.5,23.3,88.2,0.1,0.1,44.4,69.4,6.1,1.8,21.4,37.2,37%,,
Mathieu Joseph,STL,28,RW,135.3,1.83,74,12.5,0.0,6.4,16.2,22.6,90.4,0.0,0.1,44.4,130.7,0.5,0.9,24.7,41.4,37%,,
Adam Gaudette,S.J,29,"C,RW",134.9,1.85,73,11.1,1.5,15.8,8.5,24.4,88.6,3.3,4.7,25.7,80.4,-6.1,1.5,0.5,0.5,50%,,
Zach Whitecloud,VGK,28,D,134.5,1.84,73,18.0,0.0,3.5,11.3,14.8,68.8,0.0,0.1,111.3,119.8,5.6,0.6,0.0,0.0,0%,,
Lars Eller,OTT,36,C,134.5,1.84,73,13.0,0.9,9.8,11.8,21.6,99.9,1.3,2.5,34.7,58.4,-0.4,1.6,363.4,326.9,53%,,
Henri Jokiharju,BOS,26,D,134.2,1.86,72,18.2,1.0,3.2,14.2,17.4,75.7,0.3,2.7,83.2,71.3,-4.2,0.5,0.0,0.0,0%,,
Jack Drury,COL,25,C,133.8,1.86,72,13.5,0.1,8.0,12.2,20.2,95.5,0.1,0.3,50.6,50.5,5.8,1.3,434.0,334.6,56%,,
Brian Dumoulin,L.A,34,D,133.3,1.85,72,19.0,0.0,3.2,13.7,17.0,66.2,0.0,0.1,98.4,74.1,-0.3,0.6,0.0,0.0,0%,,
Collin Graf,S.J,23,RW,133.0,1.82,73,14.9,0.4,11.0,12.3,23.3,83.5,0.6,1.9,38.7,66.7,-7.5,1.1,4.1,13.4,23%,,
Brenden Dillon,N.J,34,D,131.7,1.80,73,18.4,0.0,4.0,12.8,16.8,55.3,0.0,0.0,107.2,156.3,3.2,0.6,0.0,0.0,0%,,
Frederick Gaudreau,SEA,32,C,131.1,1.80,73,12.9,0.2,8.9,12.6,21.5,82.5,0.4,0.7,49.2,47.3,-6.1,1.2,369.2,389.9,49%,,
Connor Dewar,PIT,26,C,130.7,1.79,73,12.6,0.1,9.9,10.2,20.1,90.7,0.1,0.2,49.7,160.7,-5.7,1.3,133.0,138.1,49%,,
Oliver Kapanen,MTL,22,C,130.7,1.82,72,12.1,0.2,11.3,11.4,22.7,83.4,0.2,0.7,40.6,61.8,-1.0,1.4,130.4,159.8,45%,,
Justin Barron,NSH,23,D,130.4,1.81,72,15.8,0.5,5.7,10.8,16.5,72.5,0.4,1.4,86.7,78.8,-4.2,0.9,0.0,0.0,0%,,
Justin Danforth,BUF,32,RW,130.1,1.78,73,12.2,0.1,9.0,11.9,20.8,86.1,0.1,0.3,48.6,112.4,-0.2,1.2,278.3,291.6,49%,,
Tanner Pearson,WPG,33,LW,129.8,1.78,73,11.4,0.0,9.6,11.6,21.1,89.7,0.0,0.0,43.1,84.0,2.3,1.6,6.2,17.1,26%,,
Joel Edmundson,L.A,32,D,129.4,1.80,72,17.8,0.0,3.4,11.3,14.6,73.2,0.0,0.1,97.8,93.3,1.6,0.6,0.0,0.0,0%,,
Blake Lizotte,PIT,27,C,128.9,1.77,73,13.5,0.1,10.8,12.0,22.8,81.1,0.3,0.5,39.1,83.5,-4.9,1.4,257.0,255.9,50%,,
Michael McCarron,NSH,30,C,127.9,1.78,72,14.2,0.1,7.9,10.2,18.2,86.6,0.1,0.2,59.8,146.5,-4.8,1.2,478.3,404.5,54%,,
Matt Grzelcyk,CHI,31,D,127.6,1.75,73,15.5,0.4,1.9,16.4,18.3,65.8,0.0,2.0,75.5,46.1,-5.4,0.2,0.0,0.0,0%,,
Logan Stanley,WPG,27,D,127.3,1.74,73,15.7,0.1,3.3,12.9,16.2,63.0,0.0,0.2,94.2,105.0,3.3,0.5,0.0,0.0,0%,,
Michael Carcone,UTA,29,LW,127.1,1.77,72,10.3,0.2,12.1,10.3,22.4,98.0,0.2,0.8,20.4,65.7,1.0,1.9,4.2,7.3,36%,,
Jordan Greenway,BUF,28,LW,126.6,1.73,73,13.4,0.0,7.9,11.5,19.3,83.0,0.0,0.1,54.0,143.4,-0.2,1.1,12.7,39.4,24%,,
Adam Klapka,CGY,25,RW,126.6,1.76,72,10.1,0.6,10.3,9.4,19.7,89.0,0.7,2.2,41.4,208.4,-3.3,1.4,11.5,29.5,28%,,
Gage Goncalves,T.B,24,C,125.6,1.72,73,12.3,0.8,9.0,15.3,24.3,70.7,1.3,2.8,28.9,83.3,5.5,1.5,4.4,6.0,42%,,
Hendrix Lapierre,WSH,23,C,125.4,1.72,73,10.9,0.1,6.7,17.4,24.1,68.3,0.0,0.1,38.0,70.5,1.7,1.1,123.8,195.3,39%,,
Maxim Tsyplakov,NYI,27,"LW,RW",125.0,1.69,74,10.7,0.3,7.7,15.1,22.8,82.5,0.3,0.8,29.0,104.4,-1.4,1.1,7.0,9.8,41%,,
Mark Jankowski,CAR,31,C,124.8,1.69,74,12.0,0.2,12.1,9.0,21.1,82.3,0.2,0.6,39.6,47.9,7.2,2.1,253.2,238.3,52%,,
Brandon Tanev,UTA,33,"LW,RW",124.7,1.73,72,11.4,0.0,7.8,10.0,17.8,79.0,0.0,0.1,63.7,145.6,-0.3,1.2,4.8,18.8,21%,,
Mark Kastelic,BOS,26,"C,RW",124.5,1.73,72,12.4,0.0,8.0,9.5,17.4,85.8,0.0,0.1,58.5,196.2,-4.9,1.1,305.3,246.6,55%,,
Egor Zamula,PHI,25,D,124.5,1.68,74,15.5,0.1,3.3,13.2,16.5,51.2,0.1,0.6,97.4,46.8,-4.2,0.4,0.0,0.0,0%,,
Pontus Holmberg,T.B,26,RW,124.0,1.70,73,11.9,0.0,8.3,12.8,21.1,71.6,0.1,0.2,49.6,70.0,5.9,1.4,133.8,155.6,46%,,
Sam Carrick,NYR,33,C,121.5,1.69,72,12.7,0.0,6.8,12.2,19.0,87.6,0.0,0.1,41.4,130.7,0.7,1.0,355.2,316.5,53%,,
Dakota Joshua,TOR,29,"C,LW",121.4,1.66,73,12.0,0.1,11.3,10.7,22.0,71.7,0.2,0.4,38.2,212.9,2.3,1.8,25.9,26.3,50%,,
Aatu Raty,VAN,22,C,120.9,1.68,72,12.8,0.0,12.4,10.8,23.2,80.3,0.1,0.2,21.8,165.2,0.2,2.0,494.4,366.4,57%,,
Sean Kuraly,BOS,32,C,120.5,1.67,72,13.2,0.0,7.4,10.4,17.7,88.8,0.1,0.1,45.5,137.0,-4.7,1.1,333.2,318.0,51%,,
Nick Bjugstad,STL,33,C,120.4,1.63,74,10.1,0.0,9.2,10.2,19.3,92.6,0.0,0.1,32.2,107.9,1.0,1.3,254.6,270.2,49%,,
William Carrier,CAR,30,LW,120.4,1.63,74,11.2,0.0,9.9,10.6,20.5,92.5,0.0,0.1,25.3,191.6,7.1,1.7,6.5,10.3,0%,,
Brandon Duhaime,WSH,28,RW,120.0,1.64,73,13.3,0.0,7.7,9.9,17.7,82.3,0.1,0.1,51.4,162.3,1.6,1.3,14.9,23.6,39%,,
Nick Cousins,OTT,32,LW,119.7,1.64,73,11.1,0.0,7.9,10.9,18.8,90.9,0.0,0.1,35.3,118.1,0.6,1.3,13.3,22.4,37%,,
Miles Wood,CBJ,30,LW,119.5,1.61,74,9.9,0.0,7.4,10.0,17.4,108.1,0.1,0.2,26.5,95.3,-1.5,1.0,5.3,14.4,27%,,
Morgan Barron,WPG,26,C,118.8,1.63,73,11.3,0.0,9.4,7.9,17.3,91.3,0.0,0.1,42.4,121.7,3.9,1.5,110.6,114.9,49%,,
Lukas Reichel,VAN,23,LW,118.4,1.64,72,11.7,0.2,8.3,12.9,21.2,77.5,0.2,0.5,31.1,40.5,-0.9,1.3,122.9,175.3,41%,,
Urho Vaakanainen,NYR,26,D,117.9,1.64,72,15.9,0.0,2.0,13.8,15.8,64.8,0.0,0.0,76.2,51.2,1.2,0.3,0.0,0.0,0%,,
Lian Bichsel,DAL,21,D,117.6,1.61,73,15.6,0.0,4.8,10.8,15.6,64.4,0.0,0.1,76.8,188.7,4.1,0.8,0.0,0.0,0%,,
Oskar Sundqvist,STL,31,C,117.0,1.58,74,12.1,0.3,4.7,15.0,19.7,63.1,0.6,1.2,49.9,85.1,0.1,0.7,222.0,284.9,0%,,
Nick Leddy,S.J,34,D,116.8,1.60,73,16.4,0.1,2.5,14.0,16.5,51.4,0.0,0.2,82.7,45.4,-7.7,0.2,0.0,0.0,0%,,
Fraser Minten,BOS,21,C,115.3,1.60,72,12.9,0.2,8.9,7.0,15.9,83.6,0.2,0.6,50.4,124.4,-5.7,1.3,325.6,355.5,48%,,
Taylor Raddysh,NYR,27,RW,114.9,1.60,72,12.3,0.0,8.2,11.3,19.4,85.4,0.1,0.1,27.5,67.0,1.0,1.2,9.3,17.5,35%,,
Jayden Struble,MTL,24,D,114.8,1.59,72,15.5,0.0,2.9,12.5,15.4,59.9,0.0,0.1,77.3,126.3,0.4,0.4,0.0,0.0,0%,,
Garnet Hathaway,PHI,33,RW,114.8,1.55,74,10.6,0.0,7.7,8.6,16.3,73.4,0.0,0.1,58.2,228.6,-4.3,1.0,9.5,9.9,49%,,
Tanner Jeannot,BOS,28,"LW,RW",114.2,1.59,72,12.6,0.0,8.5,8.8,17.3,76.2,0.1,0.1,48.1,208.8,-5.1,1.2,13.9,18.1,44%,,
Yakov Trenin,MIN,28,C,114.0,1.58,72,12.9,0.0,8.4,8.5,16.9,93.9,0.0,0.0,32.6,204.8,0.6,1.4,33.0,45.3,42%,,
Calle Jarnkrok,TOR,34,C,113.0,1.55,73,11.5,0.0,9.7,11.5,21.2,71.9,0.0,0.1,26.6,75.7,2.9,1.6,34.8,39.8,47%,,
Cole Smith,NSH,29,LW,112.7,1.57,72,14.2,0.0,7.4,10.5,18.0,85.1,0.1,0.1,32.5,176.4,-4.5,1.2,5.9,11.8,33%,,
Paul Cotter,N.J,25,LW,112.6,1.54,73,11.5,0.1,10.3,8.7,19.0,83.1,0.1,0.2,27.5,187.2,1.4,1.5,28.8,27.9,51%,,
Peyton Krebs,BUF,24,C,112.0,1.53,73,12.3,0.0,6.6,14.7,21.2,70.4,0.0,0.1,26.2,107.4,-0.4,0.9,244.1,272.1,47%,,
Parker Kelly,COL,26,"C,LW",111.8,1.55,72,11.6,0.0,6.6,8.5,15.1,77.4,0.0,0.1,55.5,139.3,5.2,1.1,150.1,254.9,37%,,
Kasperi Kapanen,EDM,29,RW,111.3,1.55,72,12.2,0.2,7.2,12.6,19.7,79.5,0.2,0.4,24.1,98.2,3.5,1.2,27.5,48.2,36%,,
Keegan Kolesar,VGK,28,RW,111.1,1.52,73,11.1,0.0,8.0,11.4,19.4,66.4,0.0,0.0,39.5,186.0,4.9,1.3,4.6,9.5,33%,,
Colton Sissons,VGK,31,"C,LW",110.7,1.52,73,11.3,0.0,6.9,11.2,18.1,65.4,0.1,0.2,47.2,91.3,4.6,1.1,326.0,280.0,54%,,
Radek Faksa,DAL,31,C,110.1,1.51,73,12.0,0.0,6.7,10.7,17.4,65.7,0.0,0.1,50.0,99.6,3.8,1.1,361.2,280.5,56%,,
Jesper Boqvist,FLA,26,C,107.3,1.49,72,11.7,0.0,9.5,9.7,19.2,73.0,0.0,0.1,26.2,143.5,2.2,1.7,62.3,96.3,39%,,
Casey Cizikas,NYI,34,"C,LW",105.4,1.42,74,10.9,0.0,6.5,8.4,14.9,71.6,0.0,0.1,49.6,145.8,-3.6,0.9,275.0,238.8,54%,,
Colin Blackwell,DAL,32,C,105.3,1.44,73,11.7,0.0,7.0,9.8,16.8,78.8,0.0,0.1,30.9,101.3,3.7,1.2,130.2,144.5,47%,,
Juuso Parssinen,NYR,24,C,105.3,1.46,72,10.2,0.3,9.0,10.2,19.2,56.3,0.3,1.0,37.2,115.8,0.2,1.4,118.3,152.6,44%,,
Ty Dellandrea,S.J,25,C,104.9,1.44,73,12.7,0.1,3.7,12.3,16.1,64.8,0.1,0.3,48.1,147.7,-10.2,0.4,226.4,241.8,48%,,
Tye Kartye,SEA,24,LW,104.6,1.43,73,10.9,0.0,8.5,8.0,16.6,73.6,0.0,0.1,36.1,188.8,-5.3,1.1,10.6,22.7,32%,,
Alex Turcotte,L.A,24,"C,LW",103.5,1.44,72,9.5,0.3,6.4,12.3,18.7,65.8,0.4,0.7,27.6,55.1,2.4,1.1,75.0,87.4,46%,,
Liam Ohgren,MIN,21,LW,103.5,1.44,72,10.4,0.7,6.8,8.1,14.9,81.3,0.7,2.2,32.1,100.9,-0.3,1.1,0.0,1.3,0%,,
Steven Lorentz,TOR,29,"LW,RW",101.4,1.39,73,10.1,0.0,6.2,8.9,15.1,67.9,0.0,0.1,44.3,162.1,2.4,1.0,49.0,68.1,42%,,
Adam Edstrom,NYR,25,C,100.7,1.40,72,10.3,0.0,7.4,8.4,15.8,63.8,0.0,0.1,42.6,136.9,1.1,1.1,0.0,4.5,0%,,
Mattias Janmark,EDM,32,C,99.9,1.39,72,13.2,0.0,4.9,13.1,18.0,61.3,0.0,0.1,30.3,51.3,4.3,0.8,72.3,100.5,0%,,
Mitchell Chaffee,T.B,27,RW,99.9,1.37,73,10.4,1.1,9.6,6.9,16.5,68.9,2.6,3.5,24.9,140.1,4.2,1.6,3.6,9.3,28%,,
Curtis Lazar,EDM,30,C,90.9,1.26,72,10.6,0.0,5.7,9.0,14.7,54.7,0.0,0.1,38.8,151.8,5.1,0.9,239.0,237.4,50%,,